0;-3;-1.00;-0.52;10.76;0.00;-0.10;0.00;0;0;1;1;
0;-6;-0.45;-0.54;10.82;0.00;-0.06;0.01;0;0;1;1;
0;-9;-0.02;-0.56;10.83;0.00;-0.07;0.01;0;0;1;1;
0;-12;0.16;-0.55;10.84;0.00;-0.06;0.01;0;0;1;1;
0;-15;0.55;-0.56;10.83;0.00;-0.05;0.01;0;0;1;1;
0;-18;1.07;-0.59;10.78;0.00;-0.06;0.01;0;0;1;1;
0;-21;1.56;-0.59;10.73;0.00;-0.06;0.01;0;0;1;1;
0;-24;2.03;-0.59;10.66;0.00;-0.06;0.01;0;0;1;1;
0;-27;2.47;-0.61;10.58;0.00;-0.05;0.01;0;0;1;1;
0;-30;3.00;-0.60;10.44;0.00;-0.05;0.01;0;0;1;1;
0;-33;3.47;-0.59;10.29;0.00;-0.05;0.01;0;0;1;1;
0;-36;3.93;-0.59;10.10;0.00;-0.05;0.01;0;0;1;1;
0;-39;4.36;-0.60;9.91;0.00;-0.10;0.00;0;0;1;1;
0;-42;4.39;-0.59;9.92;0.00;-0.05;0.01;0;0;1;1;
0;-45;4.84;-0.57;9.67;0.00;-0.05;0.01;0;0;1;1;
0;-48;5.69;-0.54;9.16;0.00;-0.05;0.01;0;0;1;1;
0;-51;6.11;-0.54;8.86;0.00;-0.05;0.01;0;0;1;1;
0;-54;6.50;-0.51;8.55;0.00;-0.05;0.01;0;0;1;1;
0;-57;6.86;-0.49;8.20;0.00;-0.05;0.01;0;0;1;1;
0;-60;7.23;-0.45;7.86;0.00;-0.05;0.01;0;0;1;1;
0;-63;7.55;-0.43;7.49;0.00;-0.05;0.01;0;0;1;1;
0;-66;7.88;-0.39;7.10;0.00;-0.05;0.01;0;0;1;1;
0;-69;8.19;-0.36;6.71;0.00;-0.05;0.01;0;0;1;1;
0;-72;8.47;-0.33;6.27;0.00;-0.05;0.01;0;0;1;1;
0;-75;8.74;-0.28;5.85;0.00;-0.05;0.01;0;0;1;1;
0;-78;8.97;-0.25;5.39;0.00;-0.05;0.01;0;0;1;1;
0;-81;9.20;-0.20;4.94;0.00;-0.05;0.01;0;0;1;1;
0;-84;9.40;-0.18;4.45;0.00;-0.05;0.01;0;0;1;1;
0;-87;9.56;-0.12;3.96;0.00;-0.05;0.01;0;0;1;1;
0;-90;9.72;-0.07;3.48;0.00;-0.05;0.01;0;0;1;1;
0;-93;9.84;-0.03;2.97;0.00;-0.05;0.01;0;0;1;1;
0;-96;9.95;0.03;2.44;0.00;-0.05;0.01;0;0;1;1;
0;-99;9.99;0.08;1.92;0.00;-0.05;0.01;0;0;1;1;
0;-102;10.07;0.12;1.44;0.00;-0.05;0.01;0;0;1;1;
0;-105;10.07;0.17;0.92;0.00;-0.05;0.01;0;0;1;1;
0;-108;10.07;0.24;0.44;0.00;-0.05;0.01;0;0;1;1;
0;-111;10.04;0.30;-0.10;0.00;-0.05;0.01;0;0;1;1;
0;-114;9.97;0.36;-0.60;0.00;-0.05;0.01;0;0;1;1;
0;-117;9.90;0.40;-1.09;0.00;-0.05;0.01;0;0;1;1;
0;-120;9.79;0.45;-1.58;0.00;-0.05;0.01;0;0;1;1;
3;-3;-0.78;-0.89;10.75;0.00;-0.05;0.01;0;1;1;1;
3;-6;-0.77;-0.89;10.77;0.00;-0.05;0.01;0;1;1;1;
3;-9;
3;-12;
3;-15;-0.79;-0.88;10.75;0.00;-0.05;0.01;0;1;1;1;
3;-18;1.62;-0.94;10.71;0.00;-0.05;0.01;0;0;1;1;
3;-21;2.03;-0.96;10.64;0.00;-0.08;0.01;0;0;1;1;
3;-24;2.16;-0.96;10.64;0.00;-0.06;0.01;0;0;1;1;
3;-27;2.75;-0.95;10.48;0.00;-0.05;0.01;0;0;1;1;
3;-30;3.15;-0.96;10.36;0.00;-0.05;0.01;0;0;1;1;
3;-33;3.60;-0.95;10.19;0.00;-0.05;0.01;0;0;1;1;
3;-36;4.03;-0.94;10.03;0.00;-0.05;0.01;0;0;1;1;
3;-39;4.50;-0.93;9.80;0.00;-0.05;0.01;0;0;1;1;
3;-42;4.93;-0.91;9.59;0.00;-0.05;0.01;0;0;1;1;
3;-45;5.37;-0.90;9.33;0.00;-0.05;0.01;0;0;1;1;
3;-48;5.77;-0.88;9.09;0.00;-0.05;0.01;0;0;1;1;
3;-51;6.16;-0.86;8.79;0.00;-0.05;0.01;0;0;1;1;
3;-54;6.56;-0.84;8.46;0.00;-0.05;0.01;0;0;1;1;
3;-57;6.92;-0.81;8.13;0.00;-0.05;0.01;0;0;1;1;
3;-60;7.28;-0.78;7.76;0.00;-0.05;0.01;0;0;1;1;
3;-63;7.62;-0.75;7.40;0.00;-0.05;0.01;0;0;1;1;
3;-66;7.95;-0.73;7.00;0.00;-0.05;0.01;0;0;1;1;
3;-69;8.23;-0.68;6.60;0.00;-0.05;0.01;0;0;1;1;
3;-72;8.52;-0.67;6.18;0.00;-0.05;0.01;0;0;1;1;
3;-75;8.78;-0.63;5.72;0.00;-0.05;0.01;0;0;1;1;
3;-78;9.03;-0.58;5.28;0.00;-0.05;0.01;0;0;1;1;
3;-81;9.22;-0.54;4.82;0.00;-0.05;0.01;0;0;1;1;
3;-84;9.42;-0.50;4.35;0.00;-0.05;0.01;0;0;1;1;
3;-87;9.61;-0.45;3.85;0.00;-0.05;0.01;0;0;1;1;
3;-90;9.74;-0.41;3.36;0.00;-0.05;0.01;0;0;1;1;
3;-93;9.87;-0.35;2.86;0.00;-0.05;0.01;0;0;1;1;
3;-96;9.95;-0.29;2.35;0.00;-0.05;0.01;0;0;1;1;
3;-99;10.02;-0.24;1.85;0.00;-0.05;0.01;0;0;1;1;
3;-102;10.06;-0.18;1.33;0.00;-0.05;0.01;0;0;1;1;
3;-105;10.07;-0.15;0.84;0.00;-0.05;0.01;0;0;1;1;
3;-108;10.06;-0.14;0.84;0.00;-0.05;0.01;0;0;1;1;
3;-111;10.03;-0.03;-0.18;0.00;-0.05;0.01;0;0;1;1;
3;-114;9.98;0.03;-0.67;0.00;-0.05;0.01;0;0;1;1;
3;-117;9.90;0.07;-1.19;0.00;-0.05;0.01;0;0;1;1;
3;-120;9.79;0.13;-1.70;0.00;-0.05;0.01;0;0;1;1;
6;-3;-1.03;-1.31;10.67;0.00;-0.05;0.01;0;0;1;1;
6;-6;-0.56;-1.33;10.72;0.00;-0.05;0.01;0;0;1;1;
6;-9;-0.08;-1.34;10.75;0.00;-0.05;0.01;0;0;1;1;
6;-12;-0.07;-1.35;10.76;0.00;-0.05;0.01;0;0;1;1;
6;-15;
6;-18;-0.07;-1.35;10.76;0.00;-0.05;0.01;0;0;1;1;
6;-21;1.52;-1.38;10.68;0.00;-0.05;0.01;0;0;1;1;
6;-24;2.00;-1.39;10.59;0.00;-0.05;0.01;0;0;1;1;
6;-27;2.49;-1.39;10.50;0.00;-0.05;0.01;0;0;1;1;
6;-30;2.97;-1.39;10.37;0.00;-0.05;0.01;0;0;1;1;
6;-33;3.44;-1.38;10.21;0.00;-0.06;0.01;0;0;1;1;
6;-36;3.89;-1.36;10.04;0.00;-0.05;0.01;0;0;1;1;
6;-39;4.37;-1.37;9.82;0.00;-0.06;0.01;0;0;1;1;
6;-42;4.79;-1.36;9.60;0.00;-0.05;0.01;0;0;1;1;
6;-45;5.25;-1.35;9.36;0.00;-0.05;0.01;0;0;1;1;
6;-48;5.66;-1.32;9.09;0.00;-0.05;0.01;0;0;1;1;
6;-51;6.06;-1.31;8.79;0.00;-0.05;0.01;0;0;1;1;
6;-54;6.47;-1.29;8.48;0.00;-0.05;0.01;0;0;1;1;
6;-57;6.84;-1.25;8.17;0.00;-0.05;0.01;0;0;1;1;
6;-60;7.19;-1.22;7.77;0.00;-0.05;0.01;0;0;1;1;
6;-63;7.54;-1.19;7.43;0.00;-0.05;0.01;0;0;1;1;
6;-66;7.88;-1.15;7.03;0.00;-0.05;0.01;0;0;1;1;
6;-69;8.17;-1.12;6.63;0.00;-0.05;0.01;0;0;1;1;
6;-72;8.17;-1.13;6.61;0.00;-0.05;0.01;0;0;1;1;
6;-75;8.73;-1.04;5.78;0.00;-0.05;0.01;0;0;1;1;
6;-78;8.98;-1.01;5.30;0.00;-0.05;0.01;0;0;1;1;
6;-81;9.19;-0.96;4.86;0.00;-0.05;0.01;0;0;1;1;
6;-84;9.38;-0.93;4.38;0.00;-0.05;0.01;0;0;1;1;
6;-87;9.57;-0.89;3.89;0.00;-0.05;0.01;0;0;1;1;
6;-90;9.70;-0.83;3.38;0.00;-0.05;0.01;0;0;1;1;
6;-93;9.83;-0.78;2.88;0.00;-0.05;0.01;0;0;1;1;
6;-96;9.94;-0.73;2.40;0.00;-0.05;0.01;0;0;1;1;
6;-99;10.00;-0.68;1.86;0.00;-0.05;0.01;0;0;1;1;
6;-102;10.05;-0.63;1.37;0.00;-0.05;0.01;0;0;1;1;
6;-105;10.07;-0.57;0.83;0.00;-0.05;0.01;0;0;1;1;
6;-108;10.05;-0.52;0.35;0.00;-0.05;0.01;0;0;1;1;
6;-111;10.03;-0.46;-0.17;0.00;-0.05;0.01;0;0;1;1;
6;-114;9.99;-0.42;-0.67;0.00;-0.05;0.01;0;0;1;1;
6;-117;9.89;-0.36;-1.18;0.00;-0.05;0.01;0;0;1;1;
6;-120;9.78;-0.30;-1.67;0.00;-0.05;0.01;0;0;1;1;
9;-3;-1.18;-1.83;10.58;0.00;-0.05;0.01;0;0;1;1;
9;-6;-0.68;-1.84;10.64;0.00;-0.05;0.01;0;0;1;1;
9;-9;-0.29;-1.87;10.66;0.00;-0.18;-0.01;0;0;1;1;
9;-12;0.14;-1.88;10.71;0.00;-0.05;0.01;0;0;1;1;
9;-15;0.35;-1.88;10.68;0.00;-0.05;0.01;0;0;1;1;
9;-18;0.92;-1.88;10.66;0.00;-0.06;0.01;0;0;1;1;
9;-21;1.39;-1.90;10.61;0.00;-0.05;0.01;0;0;1;1;
9;-24;1.89;-1.90;10.53;0.00;-0.05;0.01;0;0;1;1;
9;-27;2.36;-1.92;10.45;0.00;-0.05;0.01;0;0;1;1;
9;-30;2.83;-1.90;10.31;0.00;-0.05;0.01;0;0;1;1;
9;-33;3.32;-1.90;10.16;0.00;-0.05;0.01;0;0;1;1;
9;-36;3.77;-1.90;10.02;0.00;-0.05;0.01;0;0;1;1;
9;-39;4.22;-1.90;9.80;0.00;-0.05;0.01;0;0;1;1;
9;-42;4.67;-1.88;9.58;0.00;-0.05;0.01;0;0;1;1;
9;-45;5.10;-1.86;9.32;0.00;-0.05;0.01;0;0;1;1;
9;-48;5.51;-1.85;9.10;0.00;-0.05;0.01;0;0;1;1;
9;-51;5.92;-1.82;8.81;0.00;-0.05;0.01;0;0;1;1;
9;-54;6.32;-1.85;8.50;0.00;-0.05;0.01;0;0;1;1;
9;-57;6.67;-1.83;8.18;0.00;-0.05;0.01;0;0;1;1;
9;-60;7.05;-1.81;7.83;0.00;-0.05;0.01;0;0;1;1;
9;-63;7.40;-1.79;7.47;0.00;-0.05;0.01;0;0;1;1;
9;-66;7.73;-1.74;7.08;0.00;-0.05;0.01;0;0;1;1;
9;-69;8.05;-1.71;6.68;0.00;-0.05;0.01;0;0;1;1;
9;-72;8.35;-1.67;6.25;0.01;-0.05;0.01;0;0;1;1;
9;-75;8.60;-1.63;5.83;0.00;-0.05;0.01;0;0;1;1;
9;-78;8.86;-1.60;5.39;0.00;-0.05;0.01;0;0;1;1;
9;-81;9.09;-1.56;4.93;0.00;-0.05;0.01;0;0;1;1;
9;-84;9.30;-1.51;4.43;0.00;-0.05;0.01;0;0;1;1;
9;-87;9.47;-1.47;3.97;0.00;-0.05;0.01;0;0;1;1;
9;-90;9.63;-1.41;3.43;0.00;-0.05;0.01;0;0;1;1;
9;-93;9.78;-1.36;2.94;0.00;-0.05;0.01;0;0;1;1;
9;-96;9.87;-1.32;2.44;0.00;-0.05;0.01;0;0;1;1;
9;-99;9.94;-1.26;1.96;0.00;-0.05;0.01;0;0;1;1;
9;-102;9.98;-1.22;1.46;0.00;-0.05;0.01;0;0;1;1;
9;-105;10.03;-1.18;0.93;0.00;-0.05;0.01;0;0;1;1;
9;-108;10.02;-1.11;0.44;0.00;-0.05;0.01;0;0;1;1;
9;-111;10.00;-1.04;-0.09;0.00;-0.05;0.01;0;0;1;1;
9;-114;9.95;-1.00;-0.61;0.00;-0.05;0.01;0;0;1;1;
9;-117;9.87;-0.94;-1.11;0.00;-0.05;0.01;0;0;1;1;
9;-120;9.78;-0.88;-1.60;0.00;-0.05;0.01;0;0;1;1;
12;-3;-1.68;-2.26;10.35;-0.00;-0.29;-0.02;0;0;1;1;
12;-6;-0.74;-2.34;10.53;0.00;-0.05;0.01;0;0;1;1;
12;-9;-0.25;-2.35;10.57;0.00;-0.05;0.01;0;0;1;1;
12;-12;0.06;-2.36;10.56;0.00;-0.06;0.01;0;0;1;1;
12;-15;0.24;-2.38;10.60;0.00;-0.12;0.00;0;0;1;1;
12;-18;0.75;-2.38;10.56;0.00;-0.13;0.00;0;0;1;1;
12;-21;1.34;-2.39;10.51;0.00;-0.05;0.01;0;0;1;1;
12;-24;1.32;-2.40;10.48;0.00;-0.05;0.01;0;0;1;1;
12;-27;2.28;-2.40;10.33;0.00;-0.05;0.01;0;0;1;1;
12;-30;2.78;-2.41;10.23;0.00;-0.05;0.01;0;0;1;1;
12;-33;3.25;-2.40;10.06;0.00;-0.05;0.01;0;0;1;1;
12;-36;3.68;-2.39;9.92;0.00;-0.05;0.01;0;0;1;1;
12;-39;4.15;-2.37;9.73;0.00;-0.05;0.01;0;0;1;1;
12;-42;4.59;-2.37;9.49;0.00;-0.05;0.01;0;0;1;1;
12;-45;5.03;-2.34;9.27;0.00;-0.05;0.01;0;0;1;1;
12;-48;5.45;-2.33;9.01;0.00;-0.05;0.01;0;0;1;1;
12;-51;5.86;-2.31;8.74;0.00;-0.05;0.01;0;0;1;1;
12;-54;6.27;-2.29;8.41;0.00;-0.05;0.01;0;0;1;1;
12;-57;6.64;-2.26;8.11;0.00;-0.05;0.01;0;0;1;1;
12;-60;7.02;-2.23;7.75;0.00;-0.07;0.01;0;0;1;1;
12;-63;7.02;-2.23;7.73;0.00;-0.05;0.01;0;0;1;1;
12;-66;7.70;-2.17;6.99;0.00;-0.05;0.01;0;0;1;1;
12;-69;8.01;-2.13;6.59;0.00;-0.05;0.01;0;0;1;1;
12;-72;8.30;-2.10;6.17;0.00;-0.05;0.01;0;0;1;1;
12;-75;8.56;-2.06;5.76;0.00;-0.05;0.01;0;0;1;1;
12;-78;8.83;-2.01;5.28;0.00;-0.05;0.01;0;0;1;1;
12;-81;9.04;-1.97;4.85;0.00;-0.05;0.01;0;0;1;1;
12;-84;9.26;-1.93;4.37;0.00;-0.05;0.01;0;0;1;1;
12;-87;9.43;-1.89;3.87;0.00;-0.05;0.01;0;0;1;1;
12;-90;9.58;-1.84;3.36;0.00;-0.05;0.01;0;0;1;1;
12;-93;9.59;-1.85;3.36;0.00;-0.05;0.01;0;0;1;1;
12;-96;9.81;-1.75;2.38;0.00;-0.05;0.01;0;0;1;1;
12;-99;9.89;-1.69;1.87;0.00;-0.05;0.01;0;0;1;1;
12;-102;9.94;-1.64;1.37;0.00;-0.05;0.01;0;0;1;1;
12;-105;9.96;-1.58;0.84;0.00;-0.05;0.01;0;0;1;1;
12;-108;9.97;-1.54;0.33;0.00;-0.05;0.01;0;0;1;1;
12;-111;9.94;-1.49;-0.20;0.00;-0.05;0.01;0;0;1;1;
12;-114;9.89;-1.42;-0.68;0.00;-0.05;0.01;0;0;1;1;
12;-117;9.82;-1.39;-1.18;0.00;-0.05;0.01;0;0;1;1;
12;-120;9.72;-1.32;-1.66;0.00;-0.05;0.01;0;0;1;1;
15;-3;-1.24;-2.84;10.34;0.00;-0.06;0.01;0;0;1;1;
15;-6;-0.76;-2.86;10.38;0.00;-0.05;0.01;0;0;1;1;
15;-9;-0.28;-2.88;10.42;0.00;-0.05;0.01;0;0;1;1;
15;-12;-0.28;-2.87;10.41;0.00;-0.05;0.01;0;0;1;1;
15;-15;-0.27;-2.88;10.42;0.00;-0.05;0.01;0;0;1;1;
15;-18;-0.28;-2.87;10.41;0.00;-0.06;0.01;0;0;1;1;
15;-21;-0.24;-2.87;10.42;-0.00;-0.16;0.00;0;0;1;1;
15;-24;
15;-27;0.25;-2.88;10.44;0.00;-0.05;0.01;0;0;1;1;
15;-30;2.70;-2.89;10.09;0.00;-0.05;0.01;0;0;1;1;
15;-33;2.70;-2.91;10.09;0.00;-0.05;0.01;0;0;1;1;
15;-36;2.69;-2.92;10.09;0.00;-0.05;0.01;0;0;1;1;
15;-39;4.07;-2.89;9.61;0.00;-0.05;0.01;0;0;1;1;
15;-42;4.52;-2.87;9.39;0.00;-0.05;0.01;0;0;1;1;
15;-45;4.95;-2.86;9.16;0.00;-0.06;0.01;0;0;1;1;
15;-48;4.96;-2.86;9.16;0.00;-0.05;0.01;0;0;1;1;
15;-51;4.96;-2.85;9.16;0.00;-0.05;0.01;0;0;1;1;
15;-54;5.36;-2.84;8.92;0.00;-0.05;0.01;0;0;1;1;
15;-57;6.55;-2.76;8.01;0.00;-0.05;0.01;0;0;1;1;
15;-60;6.55;-2.77;8.01;0.00;-0.05;0.01;0;0;1;1;
15;-63;7.27;-2.72;7.28;0.00;-0.05;0.01;0;0;1;1;
15;-66;7.61;-2.67;6.89;0.00;-0.07;0.01;0;0;1;1;
15;-69;7.91;-2.65;6.51;0.00;-0.05;0.01;0;0;1;1;
15;-72;8.20;-2.62;6.11;0.01;-0.05;0.01;0;0;1;1;
15;-75;8.47;-2.57;5.68;0.00;-0.05;0.01;0;0;1;1;
15;-78;8.72;-2.53;5.22;0.00;-0.05;0.01;0;0;1;1;
15;-81;8.95;-2.49;4.77;0.00;-0.05;0.01;0;0;1;1;
15;-84;9.15;-2.44;4.29;0.00;-0.05;0.01;0;0;1;1;
15;-87;9.34;-2.41;3.81;0.00;-0.05;0.01;0;0;1;1;
15;-90;9.49;-2.35;3.34;0.00;-0.05;0.01;0;0;1;1;
15;-93;9.60;-2.31;2.83;0.00;-0.05;0.01;0;0;1;1;
15;-96;9.61;-2.30;2.84;0.00;-0.05;0.01;0;0;1;1;
15;-99;9.80;-2.21;1.83;0.00;-0.05;0.01;0;0;1;1;
15;-102;9.85;-2.16;1.36;0.00;-0.07;0.01;0;0;1;1;
15;-105;9.87;-2.11;0.83;0.00;-0.05;0.01;0;0;1;1;
15;-108;9.89;-2.05;0.32;0.00;-0.05;0.01;0;0;1;1;
15;-111;9.84;-2.00;-0.20;0.00;-0.05;0.01;0;0;1;1;
15;-114;9.80;-1.94;-0.68;0.00;-0.05;0.01;0;0;1;1;
15;-117;9.73;-1.90;-1.16;0.00;-0.05;0.01;0;0;1;1;
15;-120;9.65;-1.84;-1.65;0.00;-0.05;0.01;0;0;1;1;
18;-3;-1.28;-3.30;10.16;0.00;-0.10;0.00;0;0;1;1;
18;-6;-1.27;-3.30;10.20;0.00;-0.05;0.01;0;0;1;1;
18;-9;
18;-12;-0.13;-3.33;10.29;0.00;-0.06;0.01;0;0;1;1;
18;-15;0.23;-3.35;10.27;0.00;-0.05;0.01;0;0;1;1;
18;-18;0.75;-3.35;10.27;0.00;-0.06;0.01;0;0;1;1;
18;-21;1.24;-3.37;10.22;0.00;-0.05;0.01;0;0;1;1;
18;-24;1.72;-3.37;10.16;0.00;-0.05;0.01;0;0;1;1;
18;-27;2.19;-3.38;10.07;0.00;-0.05;0.01;0;0;1;1;
18;-30;2.64;-3.37;9.95;0.00;-0.05;0.01;0;0;1;1;
18;-33;3.11;-3.36;9.82;0.00;-0.05;0.01;0;0;1;1;
18;-36;3.55;-3.36;9.66;0.00;-0.05;0.01;0;0;1;1;
18;-39;4.00;-3.35;9.48;0.00;-0.05;0.01;0;0;1;1;
18;-42;4.46;-3.33;9.26;0.00;-0.05;0.01;0;0;1;1;
18;-45;4.88;-3.31;9.02;0.00;-0.05;0.01;0;0;1;1;
18;-48;4.92;-3.33;8.98;0.00;-0.19;-0.01;0;0;1;1;
18;-51;5.70;-3.28;8.49;0.00;-0.05;0.01;0;0;1;1;
18;-54;6.11;-3.26;8.20;0.00;-0.05;0.01;0;0;1;1;
18;-57;6.47;-3.24;7.89;0.00;-0.05;0.01;0;0;1;1;
18;-60;6.85;-3.20;7.51;0.00;-0.05;0.01;0;0;1;1;
18;-63;7.18;-3.17;7.17;0.00;-0.05;0.01;0;0;1;1;
18;-66;7.54;-3.15;6.77;0.00;-0.05;0.01;0;0;1;1;
18;-69;7.82;-3.11;6.40;0.00;-0.05;0.01;0;0;1;1;
18;-72;8.10;-3.07;5.98;0.00;-0.05;0.01;0;0;1;1;
18;-75;8.38;-3.03;5.56;0.00;-0.05;0.01;0;0;1;1;
18;-78;8.38;-3.04;5.56;0.00;-0.05;0.01;0;0;1;1;
18;-81;8.86;-2.95;4.66;0.00;-0.05;0.01;0;0;1;1;
18;-84;9.05;-2.91;4.19;0.00;-0.05;0.01;0;0;1;1;
18;-87;9.24;-2.87;3.71;0.00;-0.05;0.01;0;0;1;1;
18;-90;9.39;-2.83;3.22;0.00;-0.05;0.01;0;0;1;1;
18;-93;9.51;-2.78;2.75;0.00;-0.05;0.01;0;0;1;1;
18;-96;9.61;-2.73;2.24;0.00;-0.05;0.01;0;0;1;1;
18;-99;9.60;-2.73;2.17;0.00;-0.17;-0.00;0;0;1;1;
18;-102;9.74;-2.63;1.25;0.00;-0.05;0.01;0;0;1;1;
18;-105;9.77;-2.59;0.73;0.01;-0.05;0.01;0;0;1;1;
18;-108;9.76;-2.53;0.25;0.00;-0.05;0.01;0;0;1;1;
18;-111;9.74;-2.47;-0.28;0.00;-0.05;0.01;0;0;1;1;
18;-114;9.69;-2.43;-0.76;0.00;-0.05;0.01;0;0;1;1;
18;-117;9.62;-2.35;-1.26;0.00;-0.05;0.01;0;0;1;1;
18;-120;9.52;-2.31;-1.75;0.00;-0.05;0.01;0;0;1;1;
21;-3;0.15;-3.34;10.24;0.01;0.24;0.04;0;0;1;1;
21;-6;-0.25;-3.35;10.34;0.01;0.21;0.04;0;0;1;1;
21;-9;-1.29;-3.82;9.96;0.00;-0.05;0.01;0;0;1;1;
21;-12;-0.09;-3.88;10.07;0.00;-0.07;0.01;0;0;1;1;
21;-15;0.18;-3.87;10.08;0.00;-0.05;0.01;0;0;1;1;
21;-18;0.71;-3.88;10.06;0.00;-0.06;0.01;0;0;1;1;
21;-21;1.18;-3.90;10.03;0.00;-0.06;0.01;0;0;1;1;
21;-24;1.18;-3.89;10.02;0.00;-0.05;0.01;0;0;1;1;
21;-27;2.11;-3.90;9.87;0.00;-0.05;0.01;0;0;1;1;
21;-30;2.55;-3.90;9.75;0.00;-0.05;0.01;0;0;1;1;
21;-33;3.02;-3.90;9.63;0.00;-0.05;0.01;0;0;1;1;
21;-36;3.47;-3.88;9.48;0.00;-0.05;0.01;0;0;1;1;
21;-39;3.92;-3.88;9.27;0.00;-0.05;0.01;0;0;1;1;
21;-42;4.36;-3.87;9.07;0.00;-0.05;0.01;0;0;1;1;
21;-45;4.79;-3.85;8.84;0.00;-0.05;0.01;0;0;1;1;
21;-48;5.19;-3.83;8.59;0.00;-0.05;0.01;0;0;1;1;
21;-51;5.60;-3.80;8.34;0.00;-0.05;0.01;0;0;1;1;
21;-54;5.98;-3.79;8.03;0.00;-0.05;0.01;0;0;1;1;
21;-57;6.37;-3.75;7.71;0.00;-0.05;0.01;0;0;1;1;
21;-60;6.73;-3.73;7.38;0.00;-0.05;0.01;0;0;1;1;
21;-63;7.05;-3.71;7.05;0.00;-0.05;0.01;0;0;1;1;
21;-66;7.39;-3.67;6.65;0.00;-0.05;0.01;0;0;1;1;
21;-69;7.69;-3.65;6.28;0.00;-0.05;0.01;0;0;1;1;
21;-72;7.98;-3.60;5.87;0.01;-0.05;0.01;0;0;1;1;
21;-75;8.24;-3.57;5.46;0.01;-0.05;0.01;0;0;1;1;
21;-78;8.48;-3.53;5.00;0.00;-0.05;0.01;0;0;1;1;
21;-81;8.69;-3.49;4.57;0.00;-0.05;0.01;0;0;1;1;
21;-84;8.89;-3.46;4.11;0.00;-0.05;0.01;0;0;1;1;
21;-87;9.08;-3.41;3.64;0.00;-0.05;0.01;0;0;1;1;
21;-90;9.24;-3.36;3.16;0.00;-0.05;0.01;0;0;1;1;
21;-93;9.36;-3.32;2.69;0.00;-0.05;0.01;0;0;1;1;
21;-96;9.46;-3.28;2.19;0.00;-0.05;0.01;0;0;1;1;
21;-99;9.53;-3.21;1.70;0.00;-0.05;0.01;0;0;1;1;
21;-102;9.58;-3.17;1.23;0.00;-0.05;0.01;0;0;1;1;
21;-105;9.60;-3.13;0.71;0.00;-0.05;0.01;0;0;1;1;
21;-108;9.62;-3.06;0.23;0.00;-0.05;0.01;0;0;1;1;
21;-111;9.59;-3.02;-0.28;0.00;-0.05;0.01;0;0;1;1;
21;-114;9.54;-2.96;-0.75;0.00;-0.05;0.01;0;0;1;1;
21;-117;9.46;-2.92;-1.26;0.00;-0.05;0.01;0;0;1;1;
21;-120;9.38;-2.86;-1.73;0.00;-0.05;0.01;0;0;1;1;
24;-3;-1.29;-4.28;9.78;0.00;-0.05;0.01;0;0;1;1;
24;-6;-0.79;-4.28;9.83;0.00;-0.05;0.01;0;0;1;1;
24;-9;-0.49;-4.30;9.86;0.00;-0.07;0.01;0;0;1;1;
24;-12;-0.22;-4.30;9.89;0.00;-0.06;0.01;0;0;1;1;
24;-15;0.14;-4.32;9.88;0.00;-0.05;0.01;0;0;1;1;
24;-18;0.67;-4.32;9.88;0.00;-0.06;0.01;0;0;1;1;
24;-21;1.13;-4.32;9.83;0.00;-0.05;0.01;0;0;1;1;
24;-24;1.61;-4.33;9.76;0.00;-0.05;0.01;0;0;1;1;
24;-27;2.05;-4.33;9.68;0.00;-0.05;0.01;0;0;1;1;
24;-30;2.50;-4.34;9.57;0.00;-0.05;0.01;0;0;1;1;
24;-33;2.95;-4.33;9.45;0.00;-0.05;0.01;0;0;1;1;
24;-36;3.39;-4.33;9.29;0.00;-0.05;0.01;0;0;1;1;
24;-39;3.84;-4.30;9.11;0.00;-0.05;0.01;0;0;1;1;
24;-42;4.27;-4.30;8.89;0.00;-0.05;0.01;0;0;1;1;
24;-45;4.69;-4.29;8.66;0.00;-0.05;0.01;0;0;1;1;
24;-48;5.10;-4.27;8.42;0.00;-0.05;0.01;0;0;1;1;
24;-51;5.48;-4.24;8.19;0.00;-0.05;0.01;0;0;1;1;
24;-54;5.88;-4.21;7.88;0.00;-0.05;0.01;0;0;1;1;
24;-57;6.24;-4.20;7.56;0.00;-0.05;0.01;0;0;1;1;
24;-60;6.61;-4.16;7.24;0.00;-0.05;0.01;0;0;1;1;
24;-63;6.93;-4.15;6.90;0.00;-0.05;0.01;0;0;1;1;
24;-66;7.26;-4.11;6.51;0.00;-0.05;0.01;0;0;1;1;
24;-69;7.56;-4.08;6.15;0.00;-0.05;0.01;0;0;1;1;
24;-72;7.84;-4.04;5.73;0.00;-0.05;0.01;0;0;1;1;
24;-75;8.10;-3.99;5.33;0.00;-0.05;0.01;0;0;1;1;
24;-78;8.33;-3.97;4.90;0.00;-0.05;0.01;0;0;1;1;
24;-81;8.57;-3.93;4.46;0.00;-0.05;0.01;0;0;1;1;
24;-84;8.75;-3.89;4.03;0.00;-0.05;0.01;0;0;1;1;
24;-87;8.93;-3.85;3.55;0.00;-0.05;0.01;0;0;1;1;
24;-90;9.07;-3.80;3.10;0.00;-0.05;0.01;0;0;1;1;
24;-93;9.20;-3.75;2.60;0.00;-0.05;0.01;0;0;1;1;
24;-96;9.31;-3.70;2.12;0.00;-0.05;0.01;0;0;1;1;
24;-99;9.37;-3.67;1.65;0.00;-0.05;0.01;0;0;1;1;
24;-102;9.43;-3.61;1.15;0.00;-0.05;0.01;0;0;1;1;
24;-105;9.46;-3.57;0.67;0.00;-0.05;0.01;0;0;1;1;
24;-108;9.46;-3.51;0.18;0.00;-0.05;0.01;0;0;1;1;
24;-111;9.43;-3.46;-0.35;0.00;-0.05;0.01;0;0;1;1;
24;-114;9.39;-3.41;-0.78;0.00;-0.05;0.01;0;0;1;1;
24;-117;9.32;-3.35;-1.30;0.00;-0.05;0.01;0;0;1;1;
24;-120;9.23;-3.31;-1.75;0.01;-0.05;0.01;0;0;1;1;
27;-3;-1.29;-4.75;9.52;0.00;-0.05;0.01;0;0;1;1;
27;-6;-0.83;-4.77;9.57;0.00;-0.06;0.01;0;0;1;1;
27;-9;-0.52;-4.79;9.62;0.00;-0.07;0.01;0;0;1;1;
27;-12;-0.24;-4.78;9.62;0.00;-0.06;0.01;0;0;1;1;
27;-15;0.11;-4.80;9.63;0.00;-0.05;0.01;0;0;1;1;
27;-18;0.63;-4.83;9.61;0.00;-0.06;0.01;0;0;1;1;
27;-21;1.08;-4.82;9.58;0.00;-0.05;0.01;0;0;1;1;
27;-24;1.54;-4.82;9.52;0.00;-0.05;0.01;0;0;1;1;
27;-27;1.98;-4.82;9.44;0.00;-0.05;0.01;0;0;1;1;
27;-30;2.42;-4.82;9.32;0.00;-0.05;0.01;0;0;1;1;
27;-33;2.87;-4.82;9.21;0.00;-0.05;0.01;0;0;1;1;
27;-36;3.31;-4.80;9.05;0.00;-0.05;0.01;0;0;1;1;
27;-39;3.74;-4.80;8.89;0.00;-0.05;0.01;0;0;1;1;
27;-42;4.17;-4.79;8.67;0.00;-0.05;0.01;0;0;1;1;
27;-45;4.57;-4.76;8.46;0.00;-0.05;0.01;0;0;1;1;
27;-48;4.97;-4.74;8.23;0.00;-0.05;0.01;0;0;1;1;
27;-51;5.36;-4.73;7.97;0.00;-0.05;0.01;0;0;1;1;
27;-54;5.74;-4.70;7.69;0.00;-0.05;0.01;0;0;1;1;
27;-57;6.09;-4.68;7.37;0.00;-0.05;0.01;0;0;1;1;
27;-60;6.44;-4.66;7.08;0.00;-0.05;0.01;0;0;1;1;
27;-63;6.77;-4.62;6.73;0.00;-0.05;0.01;0;0;1;1;
27;-66;7.08;-4.61;6.36;0.00;-0.05;0.01;0;0;1;1;
27;-69;7.36;-4.57;6.00;0.00;-0.05;0.01;0;0;1;1;
27;-72;7.66;-4.53;5.60;0.01;-0.05;0.01;0;0;1;1;
27;-75;7.91;-4.49;5.20;0.00;-0.05;0.01;0;0;1;1;
27;-78;8.15;-4.45;4.78;0.00;-0.05;0.01;0;0;1;1;
27;-81;8.37;-4.43;4.35;0.00;-0.05;0.01;0;0;1;1;
27;-84;8.55;-4.38;3.91;0.00;-0.05;0.01;0;0;1;1;
27;-87;8.73;-4.34;3.45;0.00;-0.05;0.01;0;0;1;1;
27;-90;8.88;-4.29;3.00;0.00;-0.05;0.01;0;0;1;1;
27;-93;9.00;-4.26;2.53;0.00;-0.05;0.01;0;0;1;1;
27;-96;9.10;-4.21;2.06;0.00;-0.05;0.01;0;0;1;1;
27;-99;9.17;-4.17;1.57;0.00;-0.05;0.01;0;0;1;1;
27;-102;9.23;-4.10;1.10;0.00;-0.05;0.01;0;0;1;1;
27;-105;9.26;-4.05;0.63;0.00;-0.05;0.01;0;0;1;1;
27;-108;9.25;-4.01;0.16;0.00;-0.05;0.01;0;0;1;1;
27;-111;9.23;-3.96;-0.35;0.00;-0.05;0.01;0;0;1;1;
27;-114;9.20;-3.91;-0.80;0.00;-0.05;0.01;0;0;1;1;
27;-117;9.12;-3.87;-1.27;0.00;-0.05;0.01;0;0;1;1;
27;-120;9.03;-3.82;-1.72;0.00;-0.05;0.01;0;0;1;1;
30;-3;-1.27;-5.18;9.28;0.00;-0.05;0.01;0;0;1;1;
30;-6;-0.81;-5.20;9.34;0.00;-0.06;0.01;0;0;1;1;
30;-9;-0.56;-5.19;9.36;0.00;-0.07;0.01;0;0;1;1;
30;-12;-0.26;-5.22;9.37;0.00;-0.06;0.01;0;0;1;1;
30;-15;0.11;-5.22;9.39;0.00;-0.05;0.01;0;0;1;1;
30;-18;0.62;-5.23;9.39;0.00;-0.06;0.01;0;0;1;1;
30;-21;1.05;-5.24;9.33;0.00;-0.06;0.01;0;0;1;1;
30;-24;1.51;-5.25;9.30;0.00;-0.05;0.01;0;0;1;1;
30;-27;1.95;-5.24;9.19;0.00;-0.05;0.01;0;0;1;1;
30;-30;2.37;-5.24;9.09;0.00;-0.05;0.01;0;0;1;1;
30;-33;2.82;-5.23;8.96;0.00;-0.05;0.01;0;0;1;1;
30;-36;3.21;-5.22;8.84;0.00;-0.05;0.01;0;0;1;1;
30;-39;3.65;-5.21;8.66;0.00;-0.05;0.01;0;0;1;1;
30;-42;4.07;-5.21;8.46;0.00;-0.05;0.01;0;0;1;1;
30;-45;4.48;-5.18;8.23;0.00;-0.05;0.01;0;0;1;1;
30;-48;4.85;-5.16;8.02;0.00;-0.05;0.01;0;0;1;1;
30;-51;5.24;-5.15;7.75;0.00;-0.05;0.01;0;0;1;1;
30;-54;5.61;-5.12;7.48;0.00;-0.05;0.01;0;0;1;1;
30;-57;5.96;-5.10;7.19;0.01;-0.05;0.01;0;0;1;1;
30;-60;6.32;-5.08;6.87;0.00;-0.05;0.01;0;0;1;1;
30;-63;6.63;-5.04;6.55;0.00;-0.05;0.01;0;0;1;1;
30;-66;6.94;-5.01;6.20;0.01;-0.05;0.01;0;0;1;1;
30;-69;7.22;-4.98;5.83;0.00;-0.05;0.01;0;0;1;1;
30;-72;7.50;-4.95;5.45;0.00;-0.05;0.01;0;0;1;1;
30;-75;7.74;-4.91;5.04;0.00;-0.05;0.01;0;0;1;1;
30;-78;7.98;-4.88;4.63;0.00;-0.05;0.01;0;0;1;1;
30;-81;8.19;-4.84;4.21;0.00;-0.05;0.01;0;0;1;1;
30;-84;8.37;-4.80;3.78;0.00;-0.05;0.01;0;0;1;1;
30;-87;8.54;-4.76;3.33;0.00;-0.05;0.01;0;0;1;1;
30;-90;8.68;-4.72;2.89;0.00;-0.05;0.01;0;0;1;1;
30;-93;8.81;-4.67;2.44;0.00;-0.05;0.01;0;0;1;1;
30;-96;8.90;-4.63;1.98;0.00;-0.05;0.01;0;0;1;1;
30;-99;8.99;-4.58;1.49;0.00;-0.05;0.01;0;0;1;1;
30;-102;9.03;-4.54;1.04;0.00;-0.05;0.01;0;0;1;1;
30;-105;9.05;-4.48;0.56;0.00;-0.05;0.01;0;0;1;1;
30;-108;9.05;-4.44;0.11;0.00;-0.05;0.01;0;0;1;1;
30;-111;9.04;-4.38;-0.38;0.00;-0.05;0.01;0;0;1;1;
30;-114;9.00;-4.34;-0.81;0.00;-0.05;0.01;0;0;1;1;
30;-117;8.93;-4.28;-1.27;0.00;-0.05;0.01;0;0;1;1;
30;-120;8.83;-4.25;-1.72;0.00;-0.05;0.01;0;0;1;1;
33;-3;-1.28;-5.65;8.96;0.00;-0.06;0.01;0;0;1;1;
33;-6;-0.96;-5.65;9.01;0.00;-0.09;0.01;0;0;1;1;
33;-9;-0.68;-5.67;9.03;0.00;-0.06;0.01;0;0;1;1;
33;-12;-0.26;-5.68;9.07;0.00;-0.06;0.01;0;0;1;1;
33;-15;0.09;-5.68;9.08;0.00;-0.05;0.01;0;0;1;1;
33;-18;0.59;-5.69;9.09;0.00;-0.06;0.01;0;0;1;1;
33;-21;1.01;-5.70;9.02;0.00;-0.05;0.01;0;0;1;1;
33;-24;1.45;-5.69;8.98;0.00;-0.06;0.01;0;0;1;1;
33;-27;1.86;-5.70;8.90;0.00;-0.05;0.01;0;0;1;1;
33;-30;2.27;-5.70;8.81;0.00;-0.05;0.01;0;0;1;1;
33;-33;2.70;-5.69;8.69;0.00;-0.05;0.01;0;0;1;1;
33;-36;3.11;-5.68;8.54;0.00;-0.05;0.01;0;0;1;1;
33;-39;3.52;-5.67;8.38;0.00;-0.05;0.01;0;0;1;1;
33;-42;3.94;-5.67;8.20;0.00;-0.05;0.01;0;0;1;1;
33;-45;4.33;-5.66;7.98;0.00;-0.05;0.01;0;0;1;1;
33;-48;4.70;-5.64;7.77;0.00;-0.05;0.01;0;0;1;1;
33;-51;5.06;-5.60;7.52;0.00;-0.05;0.01;0;0;1;1;
33;-54;5.42;-5.59;7.25;0.00;-0.05;0.01;0;0;1;1;
33;-57;5.78;-5.56;6.97;0.00;-0.05;0.01;0;0;1;1;
33;-60;6.10;-5.54;6.64;0.01;-0.05;0.01;0;0;1;1;
33;-63;6.41;-5.52;6.33;0.00;-0.05;0.01;0;0;1;1;
33;-66;6.74;-5.48;5.99;0.00;-0.05;0.01;0;0;1;1;
33;-69;7.01;-5.45;5.66;0.00;-0.05;0.01;0;0;1;1;
33;-72;7.27;-5.42;5.28;0.00;-0.05;0.01;0;0;1;1;
33;-75;7.51;-5.38;4.90;0.00;-0.05;0.01;0;0;1;1;
33;-78;7.73;-5.35;4.47;0.01;-0.05;0.01;0;0;1;1;
33;-81;7.95;-5.30;4.09;0.00;-0.05;0.01;0;0;1;1;
33;-84;8.13;-5.27;3.66;0.00;-0.05;0.01;0;0;1;1;
33;-87;8.30;-5.23;3.21;0.00;-0.05;0.01;0;0;1;1;
33;-90;8.44;-5.20;2.79;0.00;-0.05;0.01;0;0;1;1;
33;-93;8.55;-5.14;2.35;0.01;-0.05;0.01;0;0;1;1;
33;-96;8.65;-5.11;1.88;0.00;-0.05;0.01;0;0;1;1;
33;-99;8.73;-5.06;1.43;0.01;-0.05;0.01;0;0;1;1;
33;-102;8.78;-5.02;0.98;0.00;-0.05;0.01;0;0;1;1;
33;-105;8.80;-4.97;0.52;0.00;-0.05;0.01;0;0;1;1;
33;-108;8.80;-4.93;0.10;0.00;-0.05;0.01;0;0;1;1;
33;-111;8.78;-4.88;-0.39;0.00;-0.05;0.01;0;0;1;1;
33;-114;8.75;-4.82;-0.83;0.00;-0.05;0.01;0;0;1;1;
33;-117;8.68;-4.78;-1.25;0.00;-0.05;0.01;0;0;1;1;
33;-120;8.60;-4.74;-1.70;0.00;-0.05;0.01;0;0;1;1;
36;-3;-1.21;-6.04;8.69;0.00;-0.05;0.01;0;0;1;1;
36;-6;-1.04;-6.04;8.70;0.00;-0.08;0.01;0;0;1;1;
36;-9;-0.68;-6.05;8.75;0.00;-0.06;0.01;0;0;1;1;
36;-12;-0.27;-6.06;8.80;0.00;-0.06;0.01;0;0;1;1;
36;-15;0.09;-6.07;8.80;0.00;-0.05;0.01;0;0;1;1;
36;-18;0.56;-6.07;8.80;0.00;-0.06;0.01;0;0;1;1;
36;-21;0.97;-6.09;8.74;0.00;-0.05;0.01;0;0;1;1;
36;-24;1.39;-6.09;8.70;0.00;-0.06;0.01;0;0;1;1;
36;-27;1.79;-6.09;8.63;0.00;-0.05;0.01;0;0;1;1;
36;-30;2.19;-6.08;8.52;0.00;-0.05;0.01;0;0;1;1;
36;-33;2.62;-6.07;8.42;0.00;-0.05;0.01;0;0;1;1;
36;-36;3.02;-6.06;8.28;0.00;-0.05;0.01;0;0;1;1;
36;-39;3.43;-6.05;8.13;0.00;-0.05;0.01;0;0;1;1;
36;-42;3.82;-6.04;7.94;0.00;-0.05;0.01;0;0;1;1;
36;-45;4.21;-6.03;7.72;0.00;-0.05;0.01;0;0;1;1;
36;-48;4.55;-6.02;7.51;0.00;-0.05;0.01;0;0;1;1;
36;-51;4.93;-5.98;7.28;0.00;-0.05;0.01;0;0;1;1;
36;-54;5.27;-5.97;7.01;0.00;-0.05;0.01;0;0;1;1;
36;-57;5.61;-5.95;6.74;0.00;-0.05;0.01;0;0;1;1;
36;-60;5.95;-5.93;6.45;0.00;-0.05;0.01;0;0;1;1;
36;-63;6.24;-5.89;6.15;0.00;-0.05;0.01;0;0;1;1;
36;-66;6.53;-5.86;5.81;0.00;-0.05;0.01;0;0;1;1;
36;-69;6.81;-5.84;5.46;0.00;-0.05;0.01;0;0;1;1;
36;-72;7.07;-5.80;5.08;0.00;-0.05;0.01;0;0;1;1;
36;-75;7.32;-5.77;4.73;0.00;-0.05;0.01;0;0;1;1;
36;-78;7.54;-5.73;4.32;0.00;-0.05;0.01;0;0;1;1;
36;-81;7.72;-5.71;3.93;0.00;-0.05;0.01;0;0;1;1;
36;-84;7.91;-5.67;3.51;0.00;-0.05;0.01;0;0;1;1;
36;-87;8.07;-5.63;3.10;0.00;-0.05;0.01;0;0;1;1;
36;-90;8.21;-5.58;2.66;0.00;-0.05;0.01;0;0;1;1;
36;-93;8.33;-5.54;2.24;0.00;-0.05;0.01;0;0;1;1;
36;-96;8.42;-5.50;1.81;0.01;-0.05;0.01;0;0;1;1;
36;-99;8.49;-5.45;1.35;0.01;-0.05;0.01;0;0;1;1;
36;-102;8.53;-5.40;0.95;0.00;-0.05;0.01;0;0;1;1;
36;-105;8.55;-5.36;0.48;0.00;-0.05;0.01;0;0;1;1;
36;-108;8.56;-5.32;0.06;0.00;-0.05;0.01;0;0;1;1;
36;-111;8.54;-5.29;-0.40;0.00;-0.05;0.01;0;0;1;1;
36;-114;8.55;-5.27;-0.40;0.01;-0.05;0.01;0;0;1;1;
36;-117;8.55;-5.27;-0.41;0.01;-0.05;0.01;0;0;1;1;
36;-120;8.36;-5.14;-1.71;0.01;-0.05;0.01;0;0;1;1;
39;-3;-1.21;-6.47;8.32;0.00;-0.08;0.01;0;0;1;1;
39;-6;-1.02;-6.47;8.36;0.00;-0.07;0.01;0;0;1;1;
39;-9;-0.68;-6.48;8.40;0.00;-0.06;0.01;0;0;1;1;
39;-12;-0.29;-6.50;8.43;0.00;-0.06;0.01;0;0;1;1;
39;-15;0.08;-6.50;8.44;0.01;-0.05;0.01;0;0;1;1;
39;-18;0.52;-6.51;8.44;0.00;-0.06;0.01;0;0;1;1;
39;-21;0.93;-6.52;8.38;0.01;-0.06;0.01;0;0;1;1;
39;-24;1.32;-6.52;8.34;0.00;-0.06;0.01;0;0;1;1;
39;-27;1.72;-6.52;8.28;0.00;-0.06;0.01;0;0;1;1;
39;-30;2.09;-6.52;8.21;0.00;-0.05;0.01;0;0;1;1;
39;-33;2.51;-6.53;8.07;0.01;-0.05;0.01;0;0;1;1;
39;-36;2.91;-6.51;7.95;0.00;-0.05;0.01;0;0;1;1;
39;-39;3.27;-6.49;7.79;0.00;-0.05;0.01;0;0;1;1;
39;-42;3.67;-6.49;7.61;0.00;-0.05;0.01;0;0;1;1;
39;-45;4.04;-6.47;7.43;0.00;-0.05;0.01;0;0;1;1;
39;-48;4.38;-6.44;7.22;0.00;-0.05;0.01;0;0;1;1;
39;-51;4.73;-6.43;6.99;0.00;-0.05;0.01;0;0;1;1;
39;-54;5.08;-6.41;6.72;0.00;-0.05;0.01;0;0;1;1;
39;-57;5.39;-6.39;6.47;0.00;-0.05;0.01;0;0;1;1;
39;-60;5.72;-6.37;6.16;0.00;-0.05;0.01;0;0;1;1;
39;-63;6.00;-6.34;5.88;0.00;-0.05;0.01;0;0;1;1;
39;-66;6.29;-6.32;5.55;0.00;-0.05;0.01;0;0;1;1;
39;-69;6.56;-6.28;5.21;0.00;-0.05;0.01;0;0;1;1;
39;-72;6.81;-6.26;4.88;0.00;-0.05;0.01;0;0;1;1;
39;-75;7.04;-6.22;4.52;0.00;-0.05;0.01;0;0;1;1;
39;-78;7.25;-6.19;4.14;0.00;-0.05;0.01;0;0;1;1;
39;-81;7.44;-6.15;3.76;0.00;-0.05;0.01;0;0;1;1;
39;-84;7.63;-6.12;3.36;0.00;-0.05;0.01;0;0;1;1;
39;-87;7.78;-6.07;2.97;0.01;-0.05;0.01;0;0;1;1;
39;-90;7.91;-6.04;2.54;0.00;-0.05;0.01;0;0;1;1;
39;-93;8.02;-6.00;2.14;0.00;-0.05;0.01;0;0;1;1;
39;-96;8.10;-5.96;1.72;0.00;-0.05;0.01;0;0;1;1;
39;-99;8.17;-5.90;1.29;0.00;-0.06;0.01;0;0;1;1;
39;-102;8.17;-5.92;1.25;0.00;-0.17;-0.00;0;0;1;1;
39;-105;8.26;-5.83;0.43;0.00;-0.05;0.01;0;0;1;1;
39;-108;8.25;-5.79;0.00;0.00;-0.05;0.01;0;0;1;1;
39;-111;8.24;-5.74;-0.42;0.00;-0.05;0.01;0;0;1;1;
39;-114;8.20;-5.71;-0.83;0.01;-0.05;0.01;0;0;1;1;
39;-117;8.14;-5.65;-1.27;0.00;-0.05;0.01;0;0;1;1;
39;-120;8.05;-5.62;-1.67;0.00;-0.05;0.01;0;0;1;1;
42;-3;-1.39;-6.83;7.96;0.00;-0.06;0.01;0;0;1;1;
42;-6;-1.05;-6.83;8.02;0.00;-0.06;0.01;0;0;1;1;
42;-9;-0.68;-6.85;8.07;0.00;-0.05;0.01;0;0;1;1;
42;-12;-0.29;-6.87;8.08;0.00;-0.06;0.01;0;0;1;1;
42;-15;0.04;-6.86;8.12;0.00;-0.05;0.01;0;0;1;1;
42;-18;0.51;-6.88;8.11;0.00;-0.06;0.01;0;0;1;1;
42;-21;0.87;-6.88;8.08;0.00;-0.05;0.01;0;0;1;1;
42;-24;1.27;-6.89;8.03;0.00;-0.05;0.01;0;0;1;1;
42;-27;1.65;-6.88;7.95;0.00;-0.05;0.01;0;0;1;1;
42;-30;2.02;-6.87;7.88;0.01;-0.05;0.01;0;0;1;1;
42;-33;2.42;-6.87;7.77;0.00;-0.05;0.01;0;0;1;1;
42;-36;2.79;-6.85;7.65;0.00;-0.05;0.01;0;0;1;1;
42;-39;3.16;-6.85;7.50;0.00;-0.05;0.01;0;0;1;1;
42;-42;3.54;-6.84;7.33;0.00;-0.05;0.01;0;0;1;1;
42;-45;3.89;-6.82;7.16;0.00;-0.05;0.01;0;0;1;1;
42;-48;4.23;-6.81;6.93;0.00;-0.05;0.01;0;0;1;1;
42;-51;4.56;-6.81;6.72;0.00;-0.05;0.01;0;0;1;1;
42;-54;4.88;-6.77;6.46;0.00;-0.05;0.01;0;0;1;1;
42;-57;5.19;-6.76;6.21;0.00;-0.05;0.01;0;0;1;1;
42;-60;5.50;-6.73;5.94;0.00;-0.05;0.01;0;0;1;1;
42;-63;5.79;-6.71;5.66;0.00;-0.05;0.01;0;0;1;1;
42;-66;6.06;-6.68;5.34;0.00;-0.05;0.01;0;0;1;1;
42;-69;6.31;-6.66;5.03;0.00;-0.05;0.01;0;0;1;1;
42;-72;6.56;-6.63;4.70;0.00;-0.05;0.01;0;0;1;1;
42;-75;6.77;-6.60;4.33;0.00;-0.05;0.01;0;0;1;1;
42;-78;6.99;-6.55;3.97;0.00;-0.05;0.01;0;0;1;1;
42;-81;7.18;-6.53;3.59;0.00;-0.05;0.01;0;0;1;1;
42;-84;7.33;-6.50;3.24;0.00;-0.05;0.01;0;0;1;1;
42;-87;7.50;-6.45;2.85;0.00;-0.05;0.01;0;0;1;1;
42;-90;7.63;-6.43;2.45;0.00;-0.05;0.01;0;0;1;1;
42;-93;7.73;-6.39;2.06;0.00;-0.05;0.01;0;0;1;1;
42;-96;7.81;-6.33;1.65;0.00;-0.05;0.01;0;0;1;1;
42;-99;7.88;-6.31;1.24;0.00;-0.05;0.01;0;0;1;1;
42;-102;7.92;-6.27;0.85;0.00;-0.05;0.01;0;0;1;1;
42;-105;7.96;-6.21;0.40;0.00;-0.05;0.01;0;0;1;1;
42;-108;7.95;-6.17;-0.01;0.00;-0.05;0.01;0;0;1;1;
42;-111;7.94;-6.13;-0.43;0.00;-0.05;0.01;0;0;1;1;
42;-114;7.91;-6.10;-0.82;0.01;-0.05;0.01;0;0;1;1;
42;-117;7.85;-6.05;-1.21;0.00;-0.05;0.01;0;0;1;1;
42;-120;7.76;-6.02;-1.62;0.00;-0.05;0.01;0;0;1;1;
45;-3;-1.17;-7.22;7.58;0.00;-0.07;0.01;0;0;1;1;
45;-6;-1.01;-7.24;7.63;0.00;-0.06;0.01;0;0;1;1;
45;-9;-0.63;-7.24;7.67;0.00;-0.06;0.01;0;0;1;1;
45;-12;-0.29;-7.25;7.70;0.00;-0.06;0.01;0;0;1;1;
45;-15;0.05;-7.25;7.72;0.00;-0.05;0.01;0;0;1;1;
45;-18;0.47;-7.27;7.71;0.00;-0.06;0.01;0;0;1;1;
45;-21;0.83;-7.26;7.68;0.00;-0.05;0.01;0;0;1;1;
45;-24;1.21;-7.27;7.65;0.00;-0.05;0.01;0;0;1;1;
45;-27;1.57;-7.27;7.58;0.00;-0.05;0.01;0;0;1;1;
45;-30;1.93;-7.27;7.49;0.00;-0.05;0.01;0;0;1;1;
45;-33;2.30;-7.25;7.39;0.00;-0.05;0.01;0;0;1;1;
45;-36;2.66;-7.25;7.27;0.00;-0.05;0.01;0;0;1;1;
45;-39;3.02;-7.24;7.12;0.00;-0.05;0.01;0;0;1;1;
45;-42;3.37;-7.23;6.95;0.00;-0.05;0.01;0;0;1;1;
45;-45;3.71;-7.21;6.78;0.00;-0.05;0.01;0;0;1;1;
45;-48;4.04;-7.19;6.61;0.00;-0.05;0.01;0;0;1;1;
45;-51;4.35;-7.18;6.39;0.00;-0.05;0.01;0;0;1;1;
45;-54;4.66;-7.16;6.15;0.00;-0.05;0.01;0;0;1;1;
45;-57;4.96;-7.15;5.91;0.00;-0.05;0.01;0;0;1;1;
45;-60;5.27;-7.13;5.65;0.00;-0.05;0.01;0;0;1;1;
45;-63;5.53;-7.09;5.36;0.00;-0.05;0.01;0;0;1;1;
45;-66;5.80;-7.06;5.07;0.00;-0.05;0.01;0;0;1;1;
45;-69;6.05;-7.04;4.76;0.00;-0.05;0.01;0;0;1;1;
45;-72;6.28;-7.00;4.44;0.01;-0.05;0.01;0;0;1;1;
45;-75;6.48;-6.99;4.14;0.00;-0.05;0.01;0;0;1;1;
45;-78;6.69;-6.95;3.77;0.00;-0.05;0.01;0;0;1;1;
45;-81;6.87;-6.93;3.42;0.00;-0.05;0.01;0;0;1;1;
45;-84;7.03;-6.89;3.05;0.00;-0.05;0.01;0;0;1;1;
45;-87;7.18;-6.85;2.68;0.00;-0.05;0.01;0;0;1;1;
45;-90;7.29;-6.82;2.32;0.00;-0.05;0.01;0;0;1;1;
45;-93;7.40;-6.78;1.93;0.00;-0.05;0.01;0;0;1;1;
45;-96;7.47;-6.74;1.56;0.00;-0.05;0.01;0;0;1;1;
45;-99;7.55;-6.72;1.14;0.00;-0.05;0.01;0;0;1;1;
45;-102;7.59;-6.65;0.76;0.00;-0.05;0.01;0;0;1;1;
45;-105;7.62;-6.61;0.36;0.00;-0.05;0.01;0;0;1;1;
45;-108;7.62;-6.59;-0.02;0.00;-0.05;0.01;0;0;1;1;
45;-111;7.60;-6.55;-0.41;0.00;-0.05;0.01;0;0;1;1;
45;-114;7.57;-6.51;-0.83;0.00;-0.05;0.01;0;0;1;1;
45;-117;7.50;-6.47;-1.20;0.00;-0.05;0.01;0;0;1;1;
45;-120;7.45;-6.43;-1.60;0.00;-0.05;0.01;0;0;1;1;
48;-3;-1.14;-7.56;7.23;0.00;-0.07;0.01;0;0;1;1;
48;-6;-0.97;-7.55;7.26;0.01;-0.06;0.01;0;0;1;1;
48;-9;-0.61;-7.57;7.31;0.00;-0.06;0.01;0;0;1;1;
48;-12;-0.26;-7.58;7.32;0.00;-0.06;0.01;0;0;1;1;
48;-15;0.03;-7.59;7.34;0.00;-0.05;0.01;0;0;1;1;
48;-18;0.44;-7.58;7.33;0.00;-0.06;0.01;0;0;1;1;
48;-21;0.81;-7.59;7.31;0.00;-0.06;0.01;0;0;1;1;
48;-24;1.14;-7.59;7.27;0.01;-0.06;0.01;0;0;1;1;
48;-27;1.49;-7.59;7.22;0.00;-0.05;0.01;0;0;1;1;
48;-30;1.83;-7.59;7.14;0.00;-0.05;0.01;0;0;1;1;
48;-33;2.19;-7.58;7.04;0.00;-0.05;0.01;0;0;1;1;
48;-36;2.53;-7.58;6.92;0.00;-0.05;0.01;0;0;1;1;
48;-39;2.88;-7.57;6.78;0.00;-0.05;0.01;0;0;1;1;
48;-42;3.22;-7.55;6.63;0.00;-0.05;0.01;0;0;1;1;
48;-45;3.54;-7.53;6.48;0.00;-0.05;0.01;0;0;1;1;
48;-48;3.85;-7.53;6.29;0.00;-0.05;0.01;0;0;1;1;
48;-51;4.16;-7.50;6.08;0.00;-0.05;0.01;0;0;1;1;
48;-54;4.46;-7.49;5.85;0.00;-0.05;0.01;0;0;1;1;
48;-57;4.73;-7.46;5.65;0.00;-0.05;0.01;0;0;1;1;
48;-60;5.03;-7.44;5.38;0.00;-0.05;0.01;0;0;1;1;
48;-63;5.30;-7.43;5.12;0.00;-0.05;0.01;0;0;1;1;
48;-66;5.55;-7.40;4.83;0.00;-0.05;0.01;0;0;1;1;
48;-69;5.79;-7.38;4.54;0.00;-0.05;0.01;0;0;1;1;
48;-72;6.00;-7.35;4.22;0.00;-0.05;0.01;0;0;1;1;
48;-75;6.20;-7.32;3.93;0.00;-0.05;0.01;0;0;1;1;
48;-78;6.40;-7.29;3.58;0.00;-0.05;0.01;0;0;1;1;
48;-81;6.57;-7.26;3.23;0.00;-0.05;0.01;0;0;1;1;
48;-84;6.73;-7.22;2.90;0.00;-0.05;0.01;0;0;1;1;
48;-87;6.86;-7.19;2.54;0.00;-0.05;0.01;0;0;1;1;
48;-90;6.98;-7.15;2.18;0.00;-0.05;0.01;0;0;1;1;
48;-93;7.08;-7.13;1.82;0.00;-0.05;0.01;0;0;1;1;
48;-96;7.16;-7.10;1.45;0.01;-0.05;0.01;0;0;1;1;
48;-99;7.23;-7.06;1.07;0.00;-0.05;0.01;0;0;1;1;
48;-102;7.26;-7.02;0.70;0.00;-0.05;0.01;0;0;1;1;
48;-105;7.28;-6.97;0.32;0.00;-0.05;0.01;0;0;1;1;
48;-108;7.30;-6.94;-0.09;0.00;-0.05;0.01;0;0;1;1;
48;-111;7.28;-6.91;-0.46;0.01;-0.05;0.01;0;0;1;1;
48;-114;7.25;-6.87;-0.82;0.00;-0.05;0.01;0;0;1;1;
48;-117;7.18;-6.82;-1.20;0.01;-0.05;0.01;0;0;1;1;
48;-120;7.11;-6.78;-1.55;0.00;-0.05;0.01;0;0;1;1;
51;-3;-1.10;-7.89;6.80;0.00;-0.07;0.01;0;0;1;1;
51;-6;-0.93;-7.91;6.82;0.00;-0.06;0.01;0;0;1;1;
51;-9;-0.61;-7.91;6.88;0.00;-0.06;0.01;0;0;1;1;
51;-12;-0.26;-7.91;6.91;0.00;-0.06;0.01;0;0;1;1;
51;-15;0.02;-7.93;6.93;0.00;-0.06;0.01;0;0;1;1;
51;-18;0.41;-7.93;6.91;0.00;-0.06;0.01;0;0;1;1;
51;-21;0.74;-7.93;6.90;0.00;-0.05;0.01;0;0;1;1;
51;-24;1.09;-7.92;6.83;0.00;-0.06;0.01;0;0;1;1;
51;-27;1.39;-7.92;6.79;0.00;-0.05;0.01;0;0;1;1;
51;-30;1.73;-7.93;6.72;0.00;-0.05;0.01;0;0;1;1;
51;-33;2.07;-7.90;6.64;0.00;-0.05;0.01;0;0;1;1;
51;-36;2.40;-7.91;6.55;0.00;-0.05;0.01;0;0;1;1;
51;-39;2.72;-7.90;6.41;0.00;-0.05;0.01;0;0;1;1;
51;-42;3.05;-7.89;6.26;0.00;-0.05;0.01;0;0;1;1;
51;-45;3.36;-7.88;6.10;0.00;-0.05;0.01;0;0;1;1;
51;-48;3.65;-7.86;5.93;0.00;-0.05;0.01;0;0;1;1;
51;-51;3.94;-7.84;5.73;0.00;-0.05;0.01;0;0;1;1;
51;-54;4.23;-7.83;5.52;0.00;-0.05;0.01;0;0;1;1;
51;-57;4.50;-7.81;5.30;0.01;-0.05;0.01;0;0;1;1;
51;-60;4.78;-7.79;5.05;0.00;-0.05;0.01;0;0;1;1;
51;-63;5.02;-7.78;4.82;0.00;-0.05;0.01;0;0;1;1;
51;-66;5.26;-7.75;4.58;0.00;-0.08;0.01;0;0;1;1;
51;-69;5.47;-7.73;4.27;0.00;-0.05;0.01;0;0;1;1;
51;-72;5.69;-7.70;3.98;0.00;-0.05;0.01;0;0;1;1;
51;-75;5.88;-7.67;3.68;0.00;-0.05;0.01;0;0;1;1;
51;-78;6.07;-7.64;3.38;0.00;-0.05;0.01;0;0;1;1;
51;-81;6.23;-7.61;3.05;0.00;-0.05;0.01;0;0;1;1;
51;-84;6.38;-7.57;2.74;0.00;-0.05;0.01;0;0;1;1;
51;-87;6.51;-7.54;2.40;0.00;-0.05;0.01;0;0;1;1;
51;-90;6.62;-7.53;2.05;0.00;-0.05;0.01;0;0;1;1;
51;-93;6.70;-7.49;1.71;0.00;-0.05;0.01;0;0;1;1;
51;-96;6.78;-7.44;1.34;0.00;-0.05;0.01;0;0;1;1;
51;-99;6.85;-7.42;0.98;0.00;-0.05;0.01;0;0;1;1;
51;-102;6.88;-7.38;0.64;0.00;-0.05;0.01;0;0;1;1;
51;-105;6.90;-7.34;0.26;0.00;-0.05;0.01;0;0;1;1;
51;-108;6.91;-7.30;-0.09;0.00;-0.05;0.01;0;0;1;1;
51;-111;6.91;-7.26;-0.46;0.00;-0.05;0.01;0;0;1;1;
51;-114;6.87;-7.24;-0.81;0.00;-0.05;0.01;0;0;1;1;
51;-117;6.82;-7.21;-1.16;0.01;-0.05;0.01;0;0;1;1;
51;-120;6.76;-7.16;-1.50;0.00;-0.05;0.01;0;0;1;1;
54;-3;-1.13;-8.19;6.38;0.00;-0.07;0.01;0;0;1;1;
54;-6;-0.88;-8.18;6.43;0.00;-0.06;0.01;0;0;1;1;
54;-9;-0.59;-8.20;6.47;0.00;-0.06;0.01;0;0;1;1;
54;-12;-0.26;-8.20;6.49;0.00;-0.06;0.01;0;0;1;1;
54;-15;0.01;-8.21;6.50;0.00;-0.05;0.01;0;0;1;1;
54;-18;0.37;-8.21;6.50;0.00;-0.06;0.01;0;0;1;1;
54;-21;0.68;-8.23;6.48;0.00;-0.05;0.01;0;0;1;1;
54;-24;0.70;-8.21;6.50;0.00;-0.05;0.01;0;0;1;1;
54;-27;1.32;-8.23;6.40;0.00;-0.05;0.01;0;0;1;1;
54;-30;1.63;-8.21;6.33;0.00;-0.05;0.01;0;0;1;1;
54;-33;1.95;-8.21;6.26;0.00;-0.05;0.01;0;0;1;1;
54;-36;2.26;-8.21;6.15;0.00;-0.05;0.01;0;0;1;1;
54;-39;2.57;-8.19;6.03;0.00;-0.05;0.01;0;0;1;1;
54;-42;2.88;-8.18;5.89;0.00;-0.05;0.01;0;0;1;1;
54;-45;3.16;-8.17;5.72;0.00;-0.05;0.01;0;0;1;1;
54;-48;3.44;-8.16;5.58;0.00;-0.05;0.01;0;0;1;1;
54;-51;3.73;-8.14;5.39;0.00;-0.05;0.01;0;0;1;1;
54;-54;4.02;-8.14;5.19;0.00;-0.05;0.01;0;0;1;1;
54;-57;4.25;-8.12;4.99;0.00;-0.05;0.01;0;0;1;1;
54;-60;4.51;-8.10;4.77;0.00;-0.05;0.01;0;0;1;1;
54;-63;4.73;-8.08;4.53;0.00;-0.05;0.01;0;0;1;1;
54;-66;4.97;-8.05;4.26;0.00;-0.05;0.01;0;0;1;1;
54;-69;5.18;-8.03;4.01;0.00;-0.05;0.01;0;0;1;1;
54;-72;5.38;-8.00;3.76;0.00;-0.05;0.01;0;0;1;1;
54;-75;5.55;-7.98;3.48;0.00;-0.05;0.01;0;0;1;1;
54;-78;5.73;-7.95;3.16;0.00;-0.05;0.01;0;0;1;1;
54;-81;5.88;-7.93;2.85;0.00;-0.05;0.01;0;0;1;1;
54;-84;6.04;-7.89;2.55;0.00;-0.05;0.01;0;0;1;1;
54;-87;6.15;-7.87;2.24;0.00;-0.05;0.01;0;0;1;1;
54;-90;6.26;-7.83;1.91;0.00;-0.05;0.01;0;0;1;1;
54;-93;6.35;-7.80;1.57;0.01;-0.05;0.01;0;0;1;1;
54;-96;6.42;-7.77;1.24;0.00;-0.05;0.01;0;0;1;1;
54;-99;6.48;-7.74;0.90;0.00;-0.05;0.01;0;0;1;1;
54;-102;6.53;-7.70;0.57;0.00;-0.05;0.01;0;0;1;1;
54;-105;6.54;-7.68;0.21;0.00;-0.05;0.01;0;0;1;1;
54;-108;6.55;-7.64;-0.11;0.00;-0.05;0.01;0;0;1;1;
54;-111;6.54;-7.61;-0.47;0.00;-0.06;0.01;0;0;1;1;
54;-114;6.51;-7.56;-0.80;0.00;-0.05;0.01;0;0;1;1;
54;-117;6.46;-7.54;-1.11;0.00;-0.05;0.01;0;0;1;1;
54;-120;6.39;-7.50;-1.45;0.00;-0.05;0.01;0;0;1;1;
57;-3;-1.10;-8.49;5.89;0.00;-0.06;0.01;0;0;1;1;
57;-6;-0.86;-8.51;5.97;0.00;-0.06;0.01;0;0;1;1;
57;-9;-0.56;-8.51;6.00;0.00;-0.06;0.01;0;0;1;1;
57;-12;-0.25;-8.53;6.01;0.00;-0.06;0.01;0;0;1;1;
57;-15;0.02;-8.51;6.03;0.00;-0.05;0.01;0;0;1;1;
57;-18;0.34;-8.53;6.04;0.00;-0.06;0.01;0;0;1;1;
57;-21;0.63;-8.53;6.01;0.00;-0.06;0.01;0;0;1;1;
57;-24;0.64;-8.53;6.01;0.00;-0.06;0.01;0;0;1;1;
57;-27;1.21;-8.53;5.93;0.00;-0.06;0.01;0;0;1;1;
57;-30;1.52;-8.53;5.85;0.00;-0.06;0.01;0;0;1;1;
57;-33;1.82;-8.52;5.79;0.00;-0.06;0.01;0;0;1;1;
57;-36;2.11;-8.51;5.69;0.00;-0.05;0.01;0;0;1;1;
57;-39;2.39;-8.50;5.57;0.00;-0.06;0.01;0;0;1;1;
57;-42;2.67;-8.49;5.46;0.00;-0.05;0.01;0;0;1;1;
57;-45;2.96;-8.49;5.31;0.00;-0.05;0.01;0;0;1;1;
57;-48;3.20;-8.46;5.18;0.00;-0.06;0.01;0;0;1;1;
57;-51;3.47;-8.46;5.01;0.00;-0.06;0.01;0;0;1;1;
57;-54;3.73;-8.44;4.82;0.00;-0.05;0.01;0;0;1;1;
57;-57;3.72;-8.45;4.80;0.01;-0.05;0.01;0;0;1;1;
57;-60;3.73;-8.44;4.80;0.00;-0.11;0.00;0;0;1;1;
57;-63;
57;-66;3.74;-8.42;4.79;0.00;-0.19;-0.00;0;0;1;1;
57;-69;4.82;-8.35;3.72;0.00;-0.05;0.01;0;0;1;1;
57;-72;5.00;-8.33;3.47;0.00;-0.05;0.01;0;0;1;1;
57;-75;5.18;-8.30;3.20;0.00;-0.05;0.01;0;0;1;1;
57;-78;5.34;-8.28;2.92;0.00;-0.05;0.01;0;0;1;1;
57;-81;5.49;-8.25;2.66;0.00;-0.05;0.01;0;0;1;1;
57;-84;5.62;-8.22;2.36;0.00;-0.05;0.01;0;0;1;1;
57;-87;5.73;-8.20;2.07;0.00;-0.05;0.01;0;0;1;1;
57;-90;5.73;-8.21;2.05;0.01;-0.06;0.01;0;0;1;1;
57;-93;5.92;-8.15;1.45;0.00;-0.05;0.01;0;0;1;1;
57;-96;5.99;-8.10;1.14;0.00;-0.05;0.01;0;0;1;1;
57;-99;6.04;-8.07;0.81;0.00;-0.05;0.01;0;0;1;1;
57;-102;6.08;-8.04;0.53;0.00;-0.13;0.00;0;0;1;1;
57;-105;6.10;-8.01;0.18;0.00;-0.05;0.01;0;0;1;1;
57;-108;6.11;-7.98;-0.11;0.00;-0.05;0.01;0;0;1;1;
57;-111;6.09;-7.94;-0.44;0.01;-0.05;0.01;0;0;1;1;
57;-114;6.06;-7.92;-0.76;0.00;-0.05;0.01;0;0;1;1;
57;-117;6.02;-7.90;-1.08;0.00;-0.05;0.01;0;0;1;1;
57;-120;5.97;-7.85;-1.36;0.00;-0.05;0.01;0;0;1;1;
60;-3;-1.05;-8.73;5.48;0.00;-0.06;0.01;0;0;1;1;
60;-6;-0.79;-8.74;5.54;0.00;-0.06;0.01;0;0;1;1;
60;-9;-0.52;-8.75;5.59;0.00;-0.06;0.01;0;0;1;1;
60;-12;-0.24;-8.75;5.61;0.00;-0.06;0.01;0;0;1;1;
60;-15;0.00;-8.76;5.64;0.00;-0.05;0.01;0;0;1;1;
60;-18;0.32;-8.76;5.60;0.01;-0.06;0.01;0;0;1;1;
60;-21;0.59;-8.77;5.60;0.00;-0.05;0.01;0;0;1;1;
60;-24;0.88;-8.78;5.57;0.00;-0.06;0.01;0;0;1;1;
60;-27;1.14;-8.77;5.52;0.00;-0.05;0.01;0;0;1;1;
60;-30;1.42;-8.77;5.46;0.00;-0.06;0.01;0;0;1;1;
60;-33;1.70;-8.76;5.39;0.00;-0.06;0.01;0;0;1;1;
60;-36;1.97;-8.75;5.29;0.01;-0.05;0.01;0;0;1;1;
60;-39;2.27;-8.73;5.19;0.00;-0.05;0.01;0;0;1;1;
60;-42;2.50;-8.73;5.07;0.00;-0.05;0.01;0;0;1;1;
60;-45;2.77;-8.73;4.94;0.00;-0.05;0.01;0;0;1;1;
60;-48;3.01;-8.70;4.82;0.00;-0.05;0.01;0;0;1;1;
60;-51;3.26;-8.70;4.65;0.00;-0.05;0.01;0;0;1;1;
60;-54;3.48;-8.68;4.47;0.00;-0.05;0.01;0;0;1;1;
60;-57;3.72;-8.67;4.31;0.00;-0.05;0.01;0;0;1;1;
60;-60;3.93;-8.65;4.11;0.00;-0.05;0.01;0;0;1;1;
60;-63;4.13;-8.63;3.89;0.00;-0.05;0.01;0;0;1;1;
60;-66;4.34;-8.60;3.68;0.00;-0.05;0.01;0;0;1;1;
60;-69;4.51;-8.58;3.46;0.01;-0.05;0.01;0;0;1;1;
60;-72;4.69;-8.56;3.22;0.00;-0.05;0.01;0;0;1;1;
60;-75;4.86;-8.54;2.96;0.00;-0.05;0.01;0;0;1;1;
60;-78;5.00;-8.52;2.72;0.00;-0.05;0.01;0;0;1;1;
60;-81;5.14;-8.50;2.45;0.00;-0.05;0.01;0;0;1;1;
60;-84;5.26;-8.48;2.19;0.00;-0.05;0.01;0;0;1;1;
60;-87;5.38;-8.45;1.91;0.00;-0.05;0.01;0;0;1;1;
60;-90;5.46;-8.42;1.61;0.00;-0.05;0.01;0;0;1;1;
60;-93;5.56;-8.39;1.32;0.01;-0.05;0.01;0;0;1;1;
60;-96;5.62;-8.38;1.05;0.00;-0.08;0.01;0;0;1;1;
60;-99;5.67;-8.33;0.74;0.00;-0.05;0.01;0;0;1;1;
60;-102;5.70;-8.31;0.44;0.00;-0.05;0.01;0;0;1;1;
60;-105;5.71;-8.28;0.13;0.00;-0.05;0.01;0;0;1;1;
60;-108;5.72;-8.25;-0.15;0.00;-0.05;0.01;0;0;1;1;
60;-111;5.70;-8.22;-0.45;0.00;-0.05;0.01;0;0;1;1;
60;-114;5.69;-8.19;-0.74;0.00;-0.05;0.01;0;0;1;1;
60;-117;5.65;-8.16;-1.04;0.01;-0.05;0.01;0;0;1;1;
60;-120;5.60;-8.14;-1.31;0.00;-0.05;0.01;0;0;1;1;
63;-3;-0.97;-8.98;4.98;0.00;-0.06;0.01;0;0;1;1;
63;-6;-0.73;-9.00;5.03;0.00;-0.06;0.01;0;0;1;1;
63;-9;-0.50;-9.00;5.07;0.00;-0.06;0.01;0;0;1;1;
63;-12;-0.24;-9.01;5.08;0.00;-0.06;0.01;0;0;1;1;
63;-15;-0.01;-9.01;5.09;0.00;-0.05;0.01;0;0;1;1;
63;-18;0.27;-9.02;5.12;0.00;-0.06;0.01;0;0;1;1;
63;-21;0.55;-9.01;5.10;0.00;-0.06;0.01;0;0;1;1;
63;-24;0.81;-9.01;5.08;0.00;-0.06;0.01;0;0;1;1;
63;-27;1.05;-9.02;5.03;0.00;-0.05;0.01;0;0;1;1;
63;-30;1.30;-9.01;5.00;0.00;-0.06;0.01;0;0;1;1;
63;-33;1.55;-9.03;4.91;0.00;-0.05;0.01;0;0;1;1;
63;-36;1.81;-9.01;4.83;0.00;-0.05;0.01;0;0;1;1;
63;-39;2.05;-9.00;4.72;0.00;-0.05;0.01;0;0;1;1;
63;-42;2.30;-8.99;4.63;0.00;-0.05;0.01;0;0;1;1;
63;-45;2.52;-8.98;4.50;0.00;-0.05;0.01;0;0;1;1;
63;-48;2.74;-8.96;4.37;0.00;-0.05;0.01;0;0;1;1;
63;-51;2.98;-8.97;4.22;0.00;-0.05;0.01;0;0;1;1;
63;-54;3.20;-8.94;4.07;0.00;-0.05;0.01;0;0;1;1;
63;-57;3.40;-8.93;3.92;0.00;-0.05;0.01;0;0;1;1;
63;-60;3.61;-8.91;3.75;0.00;-0.05;0.01;0;0;1;1;
63;-63;3.79;-8.89;3.55;0.00;-0.05;0.01;0;0;1;1;
63;-66;3.99;-8.89;3.33;0.01;-0.05;0.01;0;0;1;1;
63;-69;4.14;-8.87;3.15;0.00;-0.05;0.01;0;0;1;1;
63;-72;4.31;-8.83;2.94;0.00;-0.05;0.01;0;0;1;1;
63;-75;4.45;-8.85;2.71;0.00;-0.05;0.01;0;0;1;1;
63;-78;4.60;-8.81;2.47;0.00;-0.05;0.01;0;0;1;1;
63;-81;4.72;-8.78;2.20;0.00;-0.05;0.01;0;0;1;1;
63;-84;4.84;-8.76;1.98;0.01;-0.05;0.01;0;0;1;1;
63;-87;4.93;-8.73;1.70;0.00;-0.05;0.01;0;0;1;1;
63;-90;5.02;-8.70;1.46;0.01;-0.05;0.01;0;0;1;1;
63;-93;5.08;-8.67;1.19;0.00;-0.05;0.01;0;0;1;1;
63;-96;5.17;-8.66;0.94;0.00;-0.05;0.01;0;0;1;1;
63;-99;5.19;-8.63;0.64;0.00;-0.05;0.01;0;0;1;1;
63;-102;5.23;-8.60;0.38;0.00;-0.05;0.01;0;0;1;1;
63;-105;5.25;-8.57;0.11;0.00;-0.05;0.01;0;0;1;1;
63;-108;5.25;-8.55;-0.17;0.00;-0.05;0.01;0;0;1;1;
63;-111;5.25;-8.52;-0.44;0.00;-0.05;0.01;0;0;1;1;
63;-114;5.22;-8.50;-0.70;0.00;-0.05;0.01;0;0;1;1;
63;-117;5.19;-8.47;-0.97;0.00;-0.05;0.01;0;0;1;1;
63;-120;5.15;-8.44;-1.22;0.00;-0.05;0.01;0;0;1;1;
66;-3;-0.90;-9.18;4.55;0.00;-0.05;0.01;0;0;1;1;
66;-6;-0.68;-9.19;4.59;0.01;-0.06;0.01;0;0;1;1;
66;-9;-0.45;-9.21;4.63;0.00;-0.06;0.01;0;0;1;1;
66;-12;-0.22;-9.21;4.66;0.00;-0.06;0.01;0;0;1;1;
66;-15;-0.01;-9.21;4.68;0.00;-0.05;0.01;0;0;1;1;
66;-18;0.26;-9.21;4.66;0.00;-0.06;0.01;0;0;1;1;
66;-21;0.49;-9.22;4.64;0.00;-0.05;0.01;0;0;1;1;
66;-24;0.73;-9.22;4.63;0.00;-0.06;0.01;0;0;1;1;
66;-27;0.96;-9.21;4.60;0.00;-0.05;0.01;0;0;1;1;
66;-30;1.19;-9.21;4.55;0.00;-0.05;0.01;0;0;1;1;
66;-33;1.42;-9.21;4.48;0.00;-0.06;0.01;0;0;1;1;
66;-36;1.64;-9.20;4.40;0.00;-0.05;0.01;0;0;1;1;
66;-39;1.89;-9.21;4.32;0.00;-0.05;0.01;0;0;1;1;
66;-42;2.11;-9.19;4.22;0.00;-0.05;0.01;0;0;1;1;
66;-45;2.33;-9.17;4.12;0.00;-0.05;0.01;0;0;1;1;
66;-48;2.54;-9.18;4.00;0.01;-0.05;0.01;0;0;1;1;
66;-51;2.74;-9.15;3.89;0.00;-0.05;0.01;0;0;1;1;
66;-54;2.94;-9.15;3.73;0.00;-0.05;0.01;0;0;1;1;
66;-57;3.12;-9.13;3.57;0.00;-0.05;0.01;0;0;1;1;
66;-60;3.31;-9.11;3.40;0.00;-0.05;0.01;0;0;1;1;
66;-63;3.49;-9.11;3.25;0.00;-0.05;0.01;0;0;1;1;
66;-66;3.66;-9.09;3.04;0.01;-0.05;0.01;0;0;1;1;
66;-69;3.81;-9.07;2.86;0.00;-0.05;0.01;0;0;1;1;
66;-72;3.80;-9.07;2.86;0.00;-0.05;0.01;0;0;1;1;
66;-75;3.96;-9.04;2.73;0.00;-0.25;-0.01;0;0;1;1;
66;-78;4.22;-9.01;2.24;0.00;-0.05;0.01;0;0;1;1;
66;-81;4.34;-8.99;2.03;0.00;-0.05;0.01;0;0;1;1;
66;-84;4.46;-8.98;1.79;0.01;-0.05;0.01;0;0;1;1;
66;-87;4.55;-8.94;1.55;0.00;-0.05;0.01;0;0;1;1;
66;-90;4.61;-8.92;1.30;0.00;-0.05;0.01;0;0;1;1;
66;-93;4.70;-8.89;1.07;0.00;-0.05;0.01;0;0;1;1;
66;-96;4.75;-8.88;0.83;0.00;-0.05;0.01;0;0;1;1;
66;-99;4.80;-8.85;0.58;0.01;-0.05;0.01;0;0;1;1;
66;-102;4.82;-8.84;0.32;0.01;-0.05;0.01;0;0;1;1;
66;-105;4.84;-8.79;0.08;0.00;-0.05;0.01;0;0;1;1;
66;-108;4.85;-8.78;-0.17;0.00;-0.05;0.01;0;0;1;1;
66;-111;4.84;-8.77;-0.44;0.00;-0.05;0.01;0;0;1;1;
66;-114;4.81;-8.74;-0.68;0.00;-0.05;0.01;0;0;1;1;
66;-117;4.79;-8.71;-0.94;0.00;-0.05;0.01;0;0;1;1;
66;-120;4.72;-8.67;-1.14;0.00;-0.05;0.01;0;0;1;1;
69;-3;-0.81;-9.40;4.01;0.00;-0.05;0.01;0;0;1;1;
69;-6;-0.63;-9.40;4.06;0.00;-0.06;0.01;0;0;1;1;
69;-9;-0.41;-9.40;4.07;0.00;-0.06;0.01;0;0;1;1;
69;-12;-0.20;-9.40;4.09;0.01;-0.06;0.01;0;0;1;1;
69;-15;-0.01;-9.42;4.10;0.00;-0.05;0.01;0;0;1;1;
69;-18;0.23;-9.41;4.11;0.00;-0.06;0.01;0;0;1;1;
69;-21;0.41;-9.41;4.11;0.00;-0.05;0.01;0;0;1;1;
69;-24;0.65;-9.41;4.11;0.00;-0.06;0.01;0;0;1;1;
69;-27;0.83;-9.41;4.05;0.00;-0.05;0.01;0;0;1;1;
69;-30;1.05;-9.40;4.02;0.00;-0.05;0.01;0;0;1;1;
69;-33;1.26;-9.41;3.98;0.00;-0.05;0.01;0;0;1;1;
69;-36;1.47;-9.40;3.90;0.00;-0.05;0.01;0;0;1;1;
69;-39;1.68;-9.40;3.83;0.00;-0.05;0.01;0;0;1;1;
69;-42;1.87;-9.39;3.75;0.00;-0.05;0.01;0;0;1;1;
69;-45;2.07;-9.39;3.63;0.00;-0.05;0.01;0;0;1;1;
69;-48;2.26;-9.38;3.54;0.00;-0.05;0.01;0;0;1;1;
69;-51;2.44;-9.36;3.43;0.00;-0.05;0.01;0;0;1;1;
69;-54;2.63;-9.36;3.29;0.00;-0.05;0.01;0;0;1;1;
69;-57;2.79;-9.35;3.16;0.00;-0.05;0.01;0;0;1;1;
69;-60;2.95;-9.34;3.03;0.00;-0.05;0.01;0;0;1;1;
69;-63;3.10;-9.33;2.86;0.00;-0.05;0.01;0;0;1;1;
69;-66;3.27;-9.32;2.69;0.00;-0.05;0.01;0;0;1;1;
69;-69;3.40;-9.28;2.53;0.01;-0.06;0.01;0;0;1;1;
69;-72;3.54;-9.26;2.35;0.00;-0.05;0.01;0;0;1;1;
69;-75;3.66;-9.25;2.16;0.00;-0.05;0.01;0;0;1;1;
69;-78;3.77;-9.25;1.96;0.01;-0.05;0.01;0;0;1;1;
69;-81;3.89;-9.22;1.79;0.00;-0.05;0.01;0;0;1;1;
69;-84;3.98;-9.21;1.57;0.00;-0.05;0.01;0;0;1;1;
69;-87;4.07;-9.18;1.36;0.00;-0.05;0.01;0;0;1;1;
69;-90;4.13;-9.16;1.15;0.00;-0.05;0.01;0;0;1;1;
69;-93;4.19;-9.16;0.95;0.00;-0.05;0.01;0;0;1;1;
69;-96;4.23;-9.12;0.73;0.00;-0.05;0.01;0;0;1;1;
69;-99;4.27;-9.11;0.48;0.01;-0.05;0.01;0;0;1;1;
69;-102;4.31;-9.07;0.26;0.01;-0.05;0.01;0;0;1;1;
69;-105;4.33;-9.05;0.02;0.00;-0.05;0.01;0;0;1;1;
69;-108;4.33;-9.04;-0.16;0.00;-0.05;0.01;0;0;1;1;
69;-111;4.32;-9.01;-0.41;0.01;-0.05;0.01;0;0;1;1;
69;-114;4.32;-9.00;-0.61;0.00;-0.05;0.01;0;0;1;1;
69;-117;4.29;-8.96;-0.82;0.00;-0.05;0.01;0;0;1;1;
69;-120;4.25;-8.94;-1.05;0.00;-0.05;0.01;0;0;1;1;
72;-3;-0.74;-9.55;3.59;0.00;-0.05;0.01;0;0;1;1;
72;-6;-0.55;-9.55;3.60;0.00;-0.06;0.01;0;0;1;1;
72;-9;-0.39;-9.54;3.65;0.00;-0.05;0.01;0;0;1;1;
72;-12;-0.19;-9.55;3.67;0.00;-0.06;0.01;0;0;1;1;
72;-15;-0.02;-9.56;3.68;0.00;-0.05;0.01;0;0;1;1;
72;-18;0.20;-9.55;3.69;0.00;-0.06;0.01;0;0;1;1;
72;-21;0.37;-9.56;3.67;0.00;-0.05;0.01;0;0;1;1;
72;-24;0.58;-9.56;3.65;0.00;-0.06;0.01;0;0;1;1;
72;-27;0.75;-9.56;3.63;0.00;-0.05;0.01;0;0;1;1;
72;-30;0.93;-9.55;3.61;0.00;-0.05;0.01;0;0;1;1;
72;-33;1.14;-9.54;3.54;0.01;-0.05;0.01;0;0;1;1;
72;-36;1.32;-9.55;3.48;0.00;-0.05;0.01;0;0;1;1;
72;-39;1.50;-9.54;3.42;0.00;-0.05;0.01;0;0;1;1;
72;-42;1.70;-9.54;3.35;0.00;-0.05;0.01;0;0;1;1;
72;-45;1.87;-9.54;3.27;0.00;-0.05;0.01;0;0;1;1;
72;-48;2.04;-9.53;3.16;0.00;-0.05;0.01;0;0;1;1;
72;-51;2.20;-9.52;3.05;0.00;-0.05;0.01;0;0;1;1;
72;-54;2.37;-9.51;2.95;0.00;-0.05;0.01;0;0;1;1;
72;-57;2.51;-9.48;2.82;0.01;-0.05;0.01;0;0;1;1;
72;-60;2.67;-9.48;2.68;0.00;-0.05;0.01;0;0;1;1;
72;-63;2.81;-9.47;2.57;0.00;-0.05;0.01;0;0;1;1;
72;-66;2.96;-9.46;2.39;0.00;-0.06;0.01;0;0;1;1;
72;-69;2.96;-9.47;2.40;0.00;-0.22;-0.01;0;0;1;1;
72;-72;3.08;-9.45;2.26;0.00;-0.05;0.01;0;0;1;1;
72;-75;3.31;-9.43;1.93;0.00;-0.05;0.01;0;0;1;1;
72;-78;3.40;-9.40;1.75;0.00;-0.05;0.01;0;0;1;1;
72;-81;3.51;-9.38;1.58;0.00;-0.05;0.01;0;0;1;1;
72;-84;3.59;-9.37;1.38;0.00;-0.05;0.01;0;0;1;1;
72;-87;3.67;-9.35;1.21;0.00;-0.05;0.01;0;0;1;1;
72;-90;3.74;-9.33;1.01;0.00;-0.05;0.01;0;0;1;1;
72;-93;3.79;-9.31;0.82;0.00;-0.05;0.01;0;0;1;1;
72;-96;3.84;-9.30;0.64;0.00;-0.05;0.01;0;0;1;1;
72;-99;3.88;-9.27;0.40;0.00;-0.05;0.01;0;0;1;1;
72;-102;3.91;-9.25;0.22;0.00;-0.05;0.01;0;0;1;1;
72;-105;3.92;-9.23;0.03;0.00;-0.05;0.01;0;0;1;1;
72;-108;3.92;-9.21;-0.18;0.00;-0.05;0.01;0;0;1;1;
72;-111;3.92;-9.20;-0.39;0.00;-0.05;0.01;0;0;1;1;
72;-114;3.90;-9.18;-0.58;0.00;-0.05;0.01;0;0;1;1;
72;-117;3.88;-9.15;-0.77;0.00;-0.05;0.01;0;0;1;1;
72;-120;3.85;-9.14;-0.97;0.00;-0.05;0.01;0;0;1;1;
75;-3;-0.62;-9.70;3.01;0.00;-0.06;0.01;0;0;1;1;
75;-6;-0.48;-9.69;3.04;0.00;-0.06;0.01;0;0;1;1;
75;-9;-0.33;-9.69;3.07;0.00;-0.05;0.01;0;0;1;1;
75;-12;-0.16;-9.70;3.10;0.00;-0.06;0.01;0;0;1;1;
75;-15;-0.03;-9.71;3.10;0.00;-0.05;0.01;0;0;1;1;
75;-18;0.15;-9.71;3.11;0.00;-0.06;0.01;0;0;1;1;
75;-21;0.30;-9.71;3.12;0.00;-0.05;0.01;0;0;1;1;
75;-24;0.47;-9.71;3.09;0.00;-0.06;0.01;0;0;1;1;
75;-27;0.64;-9.71;3.07;0.00;-0.05;0.01;0;0;1;1;
75;-30;0.79;-9.71;3.05;0.00;-0.05;0.01;0;0;1;1;
75;-33;0.97;-9.71;3.01;0.01;-0.05;0.01;0;0;1;1;
75;-36;1.13;-9.70;2.94;0.00;-0.05;0.01;0;0;1;1;
75;-39;1.28;-9.70;2.90;0.00;-0.05;0.01;0;0;1;1;
75;-42;1.44;-9.70;2.82;0.00;-0.05;0.01;0;0;1;1;
75;-45;1.58;-9.69;2.77;0.00;-0.05;0.01;0;0;1;1;
75;-48;1.74;-9.68;2.68;0.00;-0.05;0.01;0;0;1;1;
75;-51;1.89;-9.69;2.59;0.00;-0.05;0.01;0;0;1;1;
75;-54;2.02;-9.66;2.49;0.01;-0.05;0.01;0;0;1;1;
75;-57;2.02;-9.67;2.49;0.00;-0.05;0.01;0;0;1;1;
75;-60;2.28;-9.66;2.28;0.00;-0.05;0.01;0;0;1;1;
75;-63;2.41;-9.64;2.16;0.00;-0.05;0.01;0;0;1;1;
75;-66;2.53;-9.61;2.03;0.01;-0.05;0.01;0;0;1;1;
75;-69;2.63;-9.62;1.94;0.00;-0.08;0.01;0;0;1;1;
75;-72;2.70;-9.62;1.83;0.00;-0.28;-0.01;0;0;1;1;
75;-75;2.84;-9.59;1.63;0.00;-0.05;0.01;0;0;1;1;
75;-78;2.93;-9.57;1.47;0.00;-0.05;0.01;0;0;1;1;
75;-81;3.02;-9.55;1.32;0.00;-0.05;0.01;0;0;1;1;
75;-84;3.08;-9.56;1.16;0.00;-0.05;0.01;0;0;1;1;
75;-87;3.15;-9.54;1.00;0.00;-0.05;0.01;0;0;1;1;
75;-90;3.21;-9.52;0.84;0.00;-0.05;0.01;0;0;1;1;
75;-93;3.26;-9.49;0.67;0.01;-0.05;0.01;0;0;1;1;
75;-96;3.30;-9.48;0.50;0.00;-0.05;0.01;0;0;1;1;
75;-99;3.33;-9.47;0.35;0.00;-0.05;0.01;0;0;1;1;
75;-102;3.35;-9.45;0.17;0.00;-0.05;0.01;0;0;1;1;
75;-105;3.37;-9.43;-0.02;0.00;-0.05;0.01;0;0;1;1;
75;-108;3.37;-9.41;-0.17;0.01;-0.05;0.01;0;0;1;1;
75;-111;3.39;-9.41;-0.36;0.00;-0.05;0.01;0;0;1;1;
75;-114;3.36;-9.38;-0.53;0.00;-0.05;0.01;0;0;1;1;
75;-117;3.33;-9.36;-0.70;0.00;-0.05;0.01;0;0;1;1;
75;-120;3.31;-9.35;-0.86;0.00;-0.05;0.01;0;0;1;1;
78;-3;-0.53;-9.79;2.57;0.00;-0.05;0.01;0;0;1;1;
78;-6;-0.42;-9.79;2.58;0.00;-0.05;0.01;0;0;1;1;
78;-9;-0.28;-9.80;2.62;0.00;-0.06;0.01;0;0;1;1;
78;-12;-0.14;-9.81;2.64;0.00;-0.06;0.01;0;0;1;1;
78;-15;-0.03;-9.80;2.64;0.01;-0.05;0.01;0;0;1;1;
78;-18;0.12;-9.81;2.64;0.00;-0.05;0.01;0;0;1;1;
78;-21;0.26;-9.80;2.64;0.00;-0.05;0.01;0;0;1;1;
78;-24;0.40;-9.79;2.63;0.00;-0.05;0.01;0;0;1;1;
78;-27;0.54;-9.80;2.62;0.00;-0.05;0.01;0;0;1;1;
78;-30;0.70;-9.81;2.58;0.00;-0.05;0.01;0;0;1;1;
78;-33;0.83;-9.80;2.55;0.00;-0.05;0.01;0;0;1;1;
78;-36;0.97;-9.80;2.53;0.01;-0.05;0.01;0;0;1;1;
78;-39;1.11;-9.80;2.47;0.00;-0.05;0.01;0;0;1;1;
78;-42;1.25;-9.79;2.42;0.00;-0.05;0.01;0;0;1;1;
78;-45;1.37;-9.80;2.35;0.00;-0.05;0.01;0;0;1;1;
78;-48;1.52;-9.78;2.29;0.00;-0.05;0.01;0;0;1;1;
78;-51;1.62;-9.78;2.22;0.00;-0.05;0.01;0;0;1;1;
78;-54;1.76;-9.77;2.13;0.01;-0.05;0.01;0;0;1;1;
78;-57;1.86;-9.77;2.05;0.00;-0.05;0.01;0;0;1;1;
78;-60;1.98;-9.75;1.95;0.00;-0.05;0.01;0;0;1;1;
78;-63;2.09;-9.73;1.86;0.00;-0.05;0.01;0;0;1;1;
78;-66;2.19;-9.73;1.73;0.00;-0.05;0.01;0;0;1;1;
78;-69;2.29;-9.73;1.62;0.00;-0.05;0.01;0;0;1;1;
78;-72;2.29;-9.72;1.61;0.00;-0.05;0.01;0;0;1;1;
78;-75;2.28;-9.72;1.63;0.01;-0.05;0.01;0;0;1;1;
78;-78;2.53;-9.70;1.25;0.00;-0.05;0.01;0;0;1;1;
78;-81;2.61;-9.68;1.13;0.00;-0.05;0.01;0;0;1;1;
78;-84;2.68;-9.67;1.01;0.00;-0.05;0.01;0;0;1;1;
78;-87;2.73;-9.65;0.86;0.00;-0.05;0.01;0;0;1;1;
78;-90;2.79;-9.64;0.71;0.00;-0.05;0.01;0;0;1;1;
78;-93;2.82;-9.63;0.56;0.00;-0.05;0.01;0;0;1;1;
78;-96;2.87;-9.61;0.42;0.00;-0.05;0.01;0;0;1;1;
78;-99;2.90;-9.59;0.26;0.00;-0.05;0.01;0;0;1;1;
78;-102;2.93;-9.59;0.14;0.00;-0.05;0.01;0;0;1;1;
78;-105;2.92;-9.58;-0.03;0.00;-0.05;0.01;0;0;1;1;
78;-108;2.94;-9.55;-0.18;0.00;-0.05;0.01;0;0;1;1;
78;-111;2.94;-9.53;-0.31;0.00;-0.05;0.01;0;0;1;1;
78;-114;2.92;-9.52;-0.48;0.00;-0.05;0.01;0;0;1;1;
78;-117;2.89;-9.53;-0.60;0.00;-0.10;0.00;0;0;1;1;
78;-120;2.88;-9.50;-0.77;0.00;-0.05;0.01;0;0;1;1;
81;-3;-0.46;-9.88;2.01;0.00;-0.06;0.01;0;0;1;1;
81;-6;-0.36;-9.88;2.03;0.00;-0.06;0.01;0;0;1;1;
81;-9;-0.23;-9.88;2.06;0.00;-0.05;0.01;0;0;1;1;
81;-12;-0.13;-9.90;2.06;0.00;-0.06;0.01;0;0;1;1;
81;-15;-0.05;-9.89;2.08;0.00;-0.05;0.01;0;0;1;1;
81;-18;0.08;-9.89;2.10;0.00;-0.06;0.01;0;0;1;1;
81;-21;0.19;-9.90;2.10;0.00;-0.05;0.01;0;0;1;1;
81;-24;0.32;-9.90;2.08;0.00;-0.05;0.01;0;0;1;1;
81;-27;0.44;-9.90;2.06;0.00;-0.05;0.01;0;0;1;1;
81;-30;0.55;-9.88;2.05;0.00;-0.05;0.01;0;0;1;1;
81;-33;0.56;-9.89;2.05;0.00;-0.05;0.01;0;0;1;1;
81;-36;0.78;-9.89;2.00;0.00;-0.05;0.01;0;0;1;1;
81;-39;0.89;-9.88;1.95;0.00;-0.05;0.01;0;0;1;1;
81;-42;1.00;-9.89;1.90;0.00;-0.05;0.01;0;0;1;1;
81;-45;1.11;-9.88;1.86;0.00;-0.05;0.01;0;0;1;1;
81;-48;1.22;-9.88;1.82;0.00;-0.05;0.01;0;0;1;1;
81;-51;1.32;-9.87;1.75;0.00;-0.05;0.01;0;0;1;1;
81;-54;1.41;-9.88;1.67;0.00;-0.06;0.01;0;0;1;1;
81;-57;1.51;-9.87;1.62;0.00;-0.05;0.01;0;0;1;1;
81;-60;1.59;-9.85;1.54;0.00;-0.05;0.01;0;0;1;1;
81;-63;1.60;-9.85;1.54;0.00;-0.05;0.01;0;0;1;1;
81;-66;1.77;-9.84;1.37;0.00;-0.05;0.01;0;0;1;1;
81;-69;1.78;-9.83;1.38;0.00;-0.05;0.01;0;0;1;1;
81;-72;1.93;-9.82;1.20;0.00;-0.05;0.01;0;0;1;1;
81;-75;1.98;-9.82;1.10;0.00;-0.05;0.01;0;0;1;1;
81;-78;2.06;-9.79;0.98;0.00;-0.05;0.01;0;0;1;1;
81;-81;2.11;-9.80;0.87;0.00;-0.05;0.01;0;0;1;1;
81;-84;2.17;-9.78;0.79;0.00;-0.05;0.01;0;0;1;1;
81;-87;2.22;-9.78;0.66;0.00;-0.05;0.01;0;0;1;1;
81;-90;2.26;-9.77;0.54;0.00;-0.05;0.01;0;0;1;1;
81;-93;2.31;-9.75;0.44;0.00;-0.05;0.01;0;0;1;1;
81;-96;2.34;-9.75;0.32;0.00;-0.05;0.01;0;0;1;1;
81;-99;2.37;-9.74;0.20;0.00;-0.05;0.01;0;0;1;1;
81;-102;2.38;-9.73;0.10;0.00;-0.05;0.01;0;0;1;1;
81;-105;2.40;-9.70;-0.04;0.00;-0.05;0.01;0;0;1;1;
81;-108;2.41;-9.70;-0.18;0.00;-0.05;0.01;0;0;1;1;
81;-111;2.40;-9.67;-0.30;0.00;-0.05;0.01;0;0;1;1;
81;-114;2.40;-9.67;-0.40;0.00;-0.05;0.01;0;0;1;1;
81;-117;2.38;-9.66;-0.53;0.00;-0.05;0.01;0;0;1;1;
81;-120;2.36;-9.65;-0.63;0.01;-0.05;0.01;0;0;1;1;
84;-3;-0.36;-9.94;1.50;0.00;-0.05;0.01;0;0;1;1;
84;-6;-0.29;-9.93;1.52;0.00;-0.06;0.01;0;0;1;1;
84;-9;-0.20;-9.94;1.54;0.00;-0.05;0.01;0;0;1;1;
84;-12;-0.09;-9.94;1.54;0.00;-0.06;0.01;0;0;1;1;
84;-15;-0.04;-9.95;1.56;0.00;-0.05;0.01;0;0;1;1;
84;-18;0.05;-9.95;1.57;0.00;-0.06;0.01;0;0;1;1;
84;-21;0.16;-9.95;1.58;0.00;-0.05;0.01;0;0;1;1;
84;-24;0.24;-9.95;1.57;0.00;-0.05;0.01;0;0;1;1;
84;-27;0.33;-9.95;1.56;0.00;-0.05;0.01;0;0;1;1;
84;-30;0.41;-9.95;1.54;0.00;-0.05;0.01;0;0;1;1;
84;-33;0.51;-9.94;1.54;0.00;-0.05;0.01;0;0;1;1;
84;-36;0.60;-9.95;1.52;0.00;-0.05;0.01;0;0;1;1;
84;-39;0.70;-9.95;1.49;0.00;-0.05;0.01;0;0;1;1;
84;-42;0.78;-9.94;1.45;0.00;-0.05;0.01;0;0;1;1;
84;-45;0.86;-9.94;1.40;0.00;-0.05;0.01;0;0;1;1;
84;-48;0.94;-9.94;1.39;0.01;-0.05;0.01;0;0;1;1;
84;-51;1.03;-9.94;1.32;0.00;-0.05;0.01;0;0;1;1;
84;-54;1.10;-9.92;1.29;0.00;-0.05;0.01;0;0;1;1;
84;-57;1.17;-9.91;1.23;0.00;-0.05;0.01;0;0;1;1;
84;-60;1.26;-9.92;1.17;0.00;-0.05;0.01;0;0;1;1;
84;-63;1.32;-9.91;1.10;0.00;-0.05;0.01;0;0;1;1;
84;-66;1.40;-9.90;1.04;0.00;-0.05;0.01;0;0;1;1;
84;-69;1.45;-9.89;0.96;0.00;-0.05;0.01;0;0;1;1;
84;-72;1.51;-9.89;0.91;0.00;-0.05;0.01;0;0;1;1;
84;-75;1.57;-9.89;0.81;0.00;-0.05;0.01;0;0;1;1;
84;-78;1.63;-9.87;0.72;0.00;-0.05;0.01;0;0;1;1;
84;-81;1.66;-9.88;0.65;0.00;-0.05;0.01;0;0;1;1;
84;-84;1.71;-9.87;0.57;0.00;-0.05;0.01;0;0;1;1;
84;-87;1.75;-9.86;0.49;0.00;-0.05;0.01;0;0;1;1;
84;-90;1.79;-9.85;0.40;0.00;-0.05;0.01;0;0;1;1;
84;-93;1.82;-9.84;0.30;0.00;-0.05;0.01;0;0;1;1;
84;-96;1.85;-9.84;0.21;0.00;-0.05;0.01;0;0;1;1;
84;-99;1.87;-9.82;0.11;0.00;-0.05;0.01;0;0;1;1;
84;-102;1.88;-9.82;0.03;0.00;-0.05;0.01;0;0;1;1;
84;-105;1.90;-9.81;-0.07;0.00;-0.05;0.01;0;0;1;1;
84;-108;1.90;-9.78;-0.15;0.00;-0.05;0.01;0;0;1;1;
84;-111;1.90;-9.78;-0.25;0.00;-0.05;0.01;0;0;1;1;
84;-114;1.90;-9.78;-0.33;0.00;-0.05;0.01;0;0;1;1;
84;-117;1.89;-9.77;-0.42;0.00;-0.05;0.01;0;0;1;1;
84;-120;1.89;-9.74;-0.52;0.00;-0.05;0.01;0;0;1;1;
87;-3;-0.31;-9.93;0.92;0.00;-0.05;0.01;0;0;1;1;
87;-6;-0.19;-9.98;0.95;0.00;-0.05;0.01;0;0;1;1;
87;-9;-0.15;-9.97;0.98;0.00;-0.06;0.01;0;0;1;1;
87;-12;-0.08;-9.98;0.99;0.00;-0.06;0.01;0;0;1;1;
87;-15;-0.04;-9.97;0.97;0.00;-0.05;0.01;0;0;1;1;
87;-18;0.03;-9.96;0.99;0.00;-0.06;0.01;0;0;1;1;
87;-21;0.09;-9.97;1.00;0.00;-0.05;0.01;0;0;1;1;
87;-24;0.16;-9.98;1.01;0.00;-0.06;0.01;0;0;1;1;
87;-27;0.23;-9.97;0.99;0.00;-0.05;0.01;0;0;1;1;
87;-30;0.28;-9.98;0.98;0.00;-0.05;0.01;0;0;1;1;
87;-33;0.34;-9.97;0.98;0.00;-0.05;0.01;0;0;1;1;
87;-36;0.40;-9.96;0.97;0.00;-0.05;0.01;0;0;1;1;
87;-39;0.46;-9.98;0.95;0.00;-0.05;0.01;0;0;1;1;
87;-42;0.54;-9.96;0.93;0.00;-0.05;0.01;0;0;1;1;
87;-45;0.59;-9.98;0.92;0.00;-0.05;0.01;0;0;1;1;
87;-48;0.65;-9.96;0.89;0.00;-0.05;0.01;0;0;1;1;
87;-51;0.70;-9.96;0.85;0.00;-0.05;0.01;0;0;1;1;
87;-54;0.75;-9.96;0.83;0.00;-0.05;0.01;0;0;1;1;
87;-57;0.82;-9.95;0.79;0.00;-0.05;0.01;0;0;1;1;
87;-60;0.86;-9.97;0.76;0.00;-0.05;0.01;0;0;1;1;
87;-63;0.92;-9.96;0.70;0.00;-0.05;0.01;0;0;1;1;
87;-66;0.97;-9.96;0.69;0.00;-0.05;0.01;0;0;1;1;
87;-69;1.00;-9.94;0.63;0.00;-0.05;0.01;0;0;1;1;
87;-72;1.05;-9.94;0.59;0.00;-0.05;0.01;0;0;1;1;
87;-75;1.08;-9.94;0.52;0.00;-0.05;0.01;0;0;1;1;
87;-78;1.13;-9.94;0.47;0.00;-0.05;0.01;0;0;1;1;
87;-81;1.16;-9.92;0.40;0.00;-0.05;0.01;0;0;1;1;
87;-84;1.20;-9.93;0.35;0.00;-0.05;0.01;0;0;1;1;
87;-87;1.23;-9.92;0.30;0.00;-0.05;0.01;0;0;1;1;
87;-90;1.26;-9.91;0.24;0.00;-0.05;0.01;0;0;1;1;
87;-93;1.28;-9.91;0.18;0.00;-0.05;0.01;0;0;1;1;
87;-96;1.30;-9.90;0.12;0.00;-0.06;0.01;0;0;1;1;
87;-99;1.32;-9.89;0.05;0.00;-0.05;0.01;0;0;1;1;
87;-102;1.33;-9.89;-0.00;0.00;-0.05;0.01;0;0;1;1;
87;-105;1.34;-9.90;-0.07;0.00;-0.05;0.01;0;0;1;1;
87;-108;1.35;-9.88;-0.12;0.00;-0.05;0.01;0;0;1;1;
87;-111;1.34;-9.87;-0.21;0.00;-0.05;0.01;0;0;1;1;
87;-114;1.36;-9.87;-0.27;0.00;-0.05;0.01;0;0;1;1;
87;-117;1.34;-9.85;-0.34;0.00;-0.05;0.01;0;0;1;1;
87;-120;1.34;-9.84;-0.39;0.01;-0.05;0.01;0;0;1;1;
90;-3;-0.12;-9.95;0.46;0.00;-0.05;0.01;0;0;1;1;
90;-6;-0.13;-9.99;0.44;0.00;-0.12;0.00;0;0;1;1;
90;-9;-0.09;-9.97;0.45;0.00;-0.06;0.01;0;0;1;1;
90;-12;-0.08;-9.96;0.47;0.00;-0.06;0.01;0;0;1;1;
90;-15;-0.02;-9.97;0.50;0.00;-0.05;0.01;0;0;1;1;
90;-18;0.00;-9.96;0.50;0.00;-0.05;0.01;0;0;1;1;
90;-21;0.05;-9.96;0.49;0.00;-0.05;0.01;0;0;1;1;
90;-24;0.08;-9.97;0.50;0.00;-0.05;0.01;0;0;1;1;
90;-27;0.13;-9.98;0.50;0.00;-0.05;0.01;0;0;1;1;
90;-30;0.16;-9.98;0.51;0.00;-0.06;0.01;0;0;1;1;
90;-33;0.20;-9.97;0.51;0.00;-0.05;0.01;0;0;1;1;
90;-36;0.23;-9.99;0.49;0.00;-0.05;0.01;0;0;1;1;
90;-39;0.27;-9.98;0.50;0.00;-0.05;0.01;0;0;1;1;
90;-42;0.31;-9.97;0.48;0.00;-0.05;0.01;0;0;1;1;
90;-45;0.35;-9.97;0.47;0.01;-0.05;0.01;0;0;1;1;
90;-48;0.37;-9.96;0.46;0.00;-0.05;0.01;0;0;1;1;
90;-51;0.42;-9.98;0.46;0.00;-0.05;0.01;0;0;1;1;
90;-54;0.45;-9.98;0.44;0.01;-0.05;0.01;0;0;1;1;
90;-57;0.48;-9.97;0.41;0.00;-0.05;0.01;0;0;1;1;
90;-60;0.52;-9.97;0.39;0.00;-0.05;0.01;0;0;1;1;
90;-63;0.55;-9.96;0.37;0.00;-0.05;0.01;0;0;1;1;
90;-66;0.59;-9.97;0.35;0.00;-0.05;0.01;0;0;1;1;
90;-69;0.61;-9.96;0.33;0.00;-0.05;0.01;0;0;1;1;
90;-72;0.64;-9.96;0.31;0.00;-0.05;0.01;0;0;1;1;
90;-75;0.67;-9.96;0.26;0.00;-0.05;0.01;0;0;1;1;
90;-78;0.71;-9.95;0.25;0.00;-0.05;0.01;0;0;1;1;
90;-81;0.71;-9.96;0.20;0.00;-0.05;0.01;0;0;1;1;
90;-84;0.75;-9.96;0.17;0.00;-0.05;0.01;0;0;1;1;
90;-87;0.76;-9.95;0.14;0.00;-0.05;0.01;0;0;1;1;
90;-90;0.78;-9.94;0.10;0.00;-0.05;0.01;0;0;1;1;
90;-93;0.80;-9.93;0.06;0.00;-0.05;0.01;0;0;1;1;
90;-96;0.81;-9.94;0.02;0.00;-0.05;0.01;0;0;1;1;
90;-99;0.83;-9.94;-0.00;0.00;-0.05;0.01;0;0;1;1;
90;-102;0.83;-9.94;-0.04;0.01;-0.06;0.01;0;0;1;1;
90;-105;0.85;-9.92;-0.09;0.00;-0.06;0.01;0;0;1;1;
90;-108;0.85;-9.93;-0.13;0.00;-0.05;0.01;0;0;1;1;
90;-111;0.86;-9.92;-0.17;0.00;-0.05;0.01;0;0;1;1;
90;-114;0.86;-9.92;-0.19;0.00;-0.05;0.01;0;0;1;1;
90;-117;0.87;-9.91;-0.25;0.00;-0.05;0.01;0;0;1;1;
90;-120;0.88;-9.91;-0.27;0.00;-0.05;0.01;0;0;1;1;
93;-3;-0.05;-9.93;-0.11;0.01;-0.06;0.01;0;0;1;1;
93;-6;-0.03;-9.95;-0.11;0.00;-0.05;0.01;0;0;1;1;
93;-9;-0.04;-9.94;-0.10;0.00;-0.06;0.01;0;0;1;1;
93;-12;-0.04;-9.94;-0.06;0.00;-0.06;0.01;0;0;1;1;
93;-15;-0.03;-9.94;-0.07;0.00;-0.05;0.01;0;0;1;1;
93;-18;-0.02;-9.94;-0.05;0.00;-0.05;0.01;0;0;1;1;
93;-21;-0.01;-9.95;-0.07;0.00;-0.05;0.01;0;0;1;1;
93;-24;-0.00;-9.95;-0.05;0.00;-0.05;0.01;0;0;1;1;
93;-27;0.01;-9.94;-0.05;0.00;-0.05;0.01;0;0;1;1;
93;-30;0.02;-9.94;-0.04;0.00;-0.05;0.01;0;0;1;1;
93;-33;0.03;-9.94;-0.02;0.00;-0.05;0.01;0;0;1;1;
93;-36;0.05;-9.95;-0.03;0.00;-0.05;0.01;0;0;1;1;
93;-39;0.06;-9.95;-0.01;0.00;-0.05;0.01;0;0;1;1;
93;-42;0.06;-9.95;-0.02;0.00;-0.05;0.01;0;0;1;1;
93;-45;0.07;-9.95;-0.01;0.00;-0.05;0.01;0;0;1;1;
93;-48;0.09;-9.95;-0.00;0.01;-0.05;0.01;0;0;1;1;
93;-51;0.11;-9.94;-0.01;0.00;-0.05;0.01;0;0;1;1;
93;-54;0.13;-9.95;-0.01;0.01;-0.05;0.01;0;0;1;1;
93;-57;0.14;-9.95;0.00;0.01;-0.05;0.01;0;0;1;1;
93;-60;0.14;-9.95;0.01;0.00;-0.05;0.01;0;0;1;1;
93;-63;0.16;-9.94;-0.01;0.00;-0.05;0.01;0;0;1;1;
93;-66;0.16;-9.94;-0.01;0.01;-0.05;0.01;0;0;1;1;
93;-69;0.18;-9.94;-0.00;0.00;-0.05;0.01;0;0;1;1;
93;-72;0.20;-9.95;-0.00;0.00;-0.05;0.01;0;0;1;1;
93;-75;0.20;-9.95;-0.02;0.00;-0.05;0.01;0;0;1;1;
93;-78;0.21;-9.95;-0.02;0.00;-0.05;0.01;0;0;1;1;
93;-81;0.23;-9.94;-0.03;0.00;-0.05;0.01;0;0;1;1;
93;-84;0.23;-9.95;-0.02;0.00;-0.05;0.01;0;0;1;1;
93;-87;0.25;-9.95;-0.04;0.00;-0.05;0.01;0;0;1;1;
93;-90;0.25;-9.95;-0.05;0.00;-0.05;0.01;0;0;1;1;
93;-93;0.28;-9.94;-0.05;0.00;-0.05;0.01;0;0;1;1;
93;-96;0.28;-9.94;-0.06;0.00;-0.05;0.01;0;0;1;1;
93;-99;0.29;-9.94;-0.08;0.00;-0.05;0.01;0;0;1;1;
93;-102;0.30;-9.95;-0.07;0.00;-0.05;0.01;0;0;1;1;
93;-105;0.31;-9.95;-0.09;0.00;-0.05;0.01;0;0;1;1;
93;-108;0.31;-9.94;-0.09;0.00;-0.05;0.01;0;0;1;1;
93;-111;0.34;-9.95;-0.11;0.00;-0.05;0.01;0;0;1;1;
93;-114;0.33;-9.93;-0.10;0.00;-0.05;0.01;0;0;1;1;
93;-117;0.34;-9.94;-0.13;0.00;-0.05;0.01;0;0;1;1;
93;-120;0.35;-9.94;-0.13;0.00;-0.05;0.01;0;0;1;1;
96;-3;0.05;-9.89;-0.63;0.00;-0.05;0.01;0;0;1;1;
96;-6;0.04;-9.87;-0.61;0.00;-0.05;0.01;0;0;1;1;
96;-9;0.01;-9.89;-0.59;0.00;-0.05;0.01;0;0;1;1;
96;-12;-0.01;-9.89;-0.59;0.00;-0.06;0.01;0;0;1;1;
96;-15;-0.03;-9.88;-0.59;0.00;-0.05;0.01;0;0;1;1;
96;-18;-0.04;-9.88;-0.59;0.00;-0.05;0.01;0;0;1;1;
96;-21;0.11;-9.91;-0.51;0.00;-0.03;0.00;0;0;1;1;
96;-24;-0.07;-9.87;-0.56;0.00;-0.06;0.01;0;0;1;1;
96;-27;-0.14;-9.89;-0.61;0.01;-0.06;0.02;0;0;1;1;
96;-30;-0.11;-9.88;-0.61;0.00;-0.05;0.01;0;0;1;1;
96;-33;-0.15;-9.87;-0.59;0.00;-0.05;0.01;0;0;1;1;
96;-36;-0.16;-9.87;-0.56;0.00;-0.05;0.01;0;0;1;1;
96;-39;-0.16;-9.88;-0.56;0.00;-0.05;0.01;0;0;1;1;
96;-42;-0.18;-9.88;-0.53;0.00;-0.05;0.01;0;0;1;1;
96;-45;-0.19;-9.88;-0.50;0.00;-0.05;0.01;0;0;1;1;
96;-48;-0.22;-9.89;-0.50;0.00;-0.05;0.01;0;0;1;1;
96;-51;-0.21;-9.89;-0.49;0.00;-0.05;0.01;0;0;1;1;
96;-54;-0.24;-9.89;-0.45;0.00;-0.05;0.01;0;0;1;1;
96;-57;-0.24;-9.90;-0.45;0.01;-0.05;0.01;0;0;1;1;
96;-60;-0.25;-9.90;-0.42;0.00;-0.05;0.01;0;0;1;1;
96;-63;-0.27;-9.91;-0.39;0.00;-0.05;0.01;0;0;1;1;
96;-66;-0.19;-9.90;-0.43;0.01;-0.06;0.02;0;0;1;1;
96;-69;-0.34;-9.94;-0.30;0.01;-0.05;0.02;0;0;1;1;
96;-72;-0.42;-9.82;-0.75;0.01;-0.05;0.02;0;0;1;1;
96;-75;-0.34;-9.89;-0.48;0.00;-0.05;0.01;0;0;1;1;
96;-78;-0.38;-9.90;-0.49;0.01;-0.05;0.01;0;0;1;1;
96;-81;-0.36;-9.89;-0.45;0.00;-0.05;0.01;0;0;1;1;
96;-84;-0.38;-9.89;-0.41;0.00;-0.05;0.01;0;0;1;1;
96;-87;-0.39;-9.90;-0.38;0.00;-0.05;0.01;0;0;1;1;
96;-90;-0.39;-9.89;-0.37;0.00;-0.05;0.01;0;0;1;1;
96;-93;-0.40;-9.90;-0.33;0.01;-0.05;0.01;0;0;1;1;
96;-96;-0.40;-9.90;-0.29;0.00;-0.05;0.01;0;0;1;1;
96;-99;-0.40;-9.91;-0.27;0.00;-0.05;0.01;0;0;1;1;
96;-102;-0.41;-9.90;-0.25;0.00;-0.06;0.01;0;0;1;1;
96;-105;-0.40;-9.90;-0.22;0.00;-0.05;0.01;0;0;1;1;
96;-108;-0.40;-9.92;-0.17;0.00;-0.06;0.01;0;0;1;1;
96;-111;-0.40;-9.91;-0.15;0.00;-0.05;0.01;0;0;1;1;
96;-114;-0.39;-9.92;-0.15;0.00;-0.06;0.01;0;0;1;1;
96;-117;-0.39;-9.92;-0.10;0.00;-0.06;0.01;0;0;1;1;
96;-120;-0.37;-9.92;-0.08;0.00;-0.05;0.01;0;0;1;1;
99;-3;0.33;-9.76;-1.32;0.00;-0.05;0.01;0;0;1;1;
99;-6;0.29;-9.77;-1.30;0.00;-0.05;0.01;0;0;1;1;
99;-9;0.23;-9.76;-1.32;0.00;-0.05;0.01;0;0;1;1;
99;-12;0.17;-9.78;-1.33;0.00;-0.05;0.01;0;0;1;1;
99;-15;0.11;-9.77;-1.32;0.00;-0.05;0.01;0;0;1;1;
99;-18;0.05;-9.75;-1.31;0.00;-0.06;0.01;0;0;1;1;
99;-21;0.01;-9.75;-1.32;0.00;-0.05;0.01;0;0;1;1;
99;-24;-0.05;-9.76;-1.30;0.00;-0.05;0.01;0;0;1;1;
99;-27;-0.11;-9.75;-1.29;0.00;-0.05;0.01;0;0;1;1;
99;-30;-0.16;-9.77;-1.29;0.00;-0.05;0.01;0;0;1;1;
99;-33;-0.21;-9.75;-1.27;0.00;-0.05;0.01;0;0;1;1;
99;-36;-0.26;-9.76;-1.23;0.00;-0.05;0.01;0;0;1;1;
99;-39;-0.32;-9.78;-1.22;0.00;-0.05;0.01;0;0;1;1;
99;-42;-0.36;-9.78;-1.19;0.01;-0.05;0.01;0;0;1;1;
99;-45;-0.41;-9.78;-1.16;0.00;-0.05;0.01;0;0;1;1;
99;-48;-0.45;-9.77;-1.13;0.00;-0.05;0.01;0;0;1;1;
99;-51;-0.50;-9.79;-1.11;0.00;-0.05;0.01;0;0;1;1;
99;-54;-0.54;-9.77;-1.05;0.00;-0.05;0.01;0;0;1;1;
99;-57;-0.60;-9.80;-1.02;0.00;-0.05;0.01;0;0;1;1;
99;-60;-0.62;-9.79;-0.97;0.00;-0.05;0.01;0;0;1;1;
99;-63;-0.66;-9.79;-0.96;0.00;-0.05;0.01;0;0;1;1;
99;-66;-0.69;-9.79;-0.91;0.00;-0.05;0.01;0;0;1;1;
99;-69;-0.74;-9.80;-0.86;0.01;-0.05;0.01;0;0;1;1;
99;-72;-0.76;-9.80;-0.82;0.00;-0.05;0.01;0;0;1;1;
99;-75;-0.79;-9.80;-0.76;0.00;-0.05;0.01;0;0;1;1;
99;-78;-0.81;-9.80;-0.71;0.00;-0.05;0.01;0;0;1;1;
99;-81;-0.83;-9.82;-0.65;0.00;-0.06;0.01;0;0;1;1;
99;-84;-0.87;-9.82;-0.61;0.00;-0.06;0.01;0;0;1;1;
99;-87;-0.88;-9.82;-0.54;0.00;-0.05;0.01;0;0;1;1;
99;-90;-0.90;-9.84;-0.51;0.01;-0.05;0.01;0;0;1;1;
99;-93;-0.91;-9.83;-0.43;0.00;-0.05;0.01;0;0;1;1;
99;-96;-0.92;-9.85;-0.39;0.00;-0.05;0.01;0;0;1;1;
99;-99;-0.92;-9.85;-0.33;0.00;-0.05;0.01;0;0;1;1;
99;-102;-0.92;-9.85;-0.27;0.00;-0.05;0.01;0;0;1;1;
99;-105;-0.93;-9.86;-0.22;0.00;-0.05;0.01;0;0;1;1;
99;-108;-0.92;-9.87;-0.18;0.00;-0.05;0.01;0;0;1;1;
99;-111;-0.91;-9.87;-0.11;0.00;-0.05;0.01;0;0;1;1;
99;-114;-0.91;-9.88;-0.04;0.00;-0.05;0.01;0;0;1;1;
99;-117;-0.90;-9.89;0.00;0.00;-0.05;0.01;0;0;1;1;
99;-120;-0.88;-9.89;0.06;0.00;-0.05;0.01;0;0;1;1;
102;-3;0.46;-9.64;-1.81;0.00;-0.05;0.01;0;0;1;1;
102;-6;0.36;-9.65;-1.83;0.00;-0.05;0.01;0;0;1;1;
102;-9;0.29;-9.64;-1.83;0.00;-0.05;0.01;0;0;1;1;
102;-12;0.20;-9.64;-1.83;0.00;-0.05;0.01;0;0;1;1;
102;-15;0.12;-9.64;-1.85;0.00;-0.05;0.01;0;0;1;1;
102;-18;0.04;-9.62;-1.83;0.00;-0.05;0.01;0;0;1;1;
102;-21;-0.04;-9.65;-1.83;0.00;-0.05;0.01;0;0;1;1;
102;-24;-0.13;-9.64;-1.83;0.00;-0.05;0.01;0;0;1;1;
102;-27;-0.21;-9.63;-1.81;0.00;-0.05;0.01;0;0;1;1;
102;-30;-0.27;-9.63;-1.79;0.00;-0.05;0.01;0;0;1;1;
102;-33;-0.35;-9.64;-1.76;0.00;-0.05;0.01;0;0;1;1;
102;-36;-0.44;-9.64;-1.74;0.00;-0.05;0.01;0;0;1;1;
102;-39;-0.52;-9.66;-1.71;0.00;-0.05;0.01;0;0;1;1;
102;-42;-0.58;-9.65;-1.67;0.00;-0.05;0.01;0;0;1;1;
102;-45;-0.68;-9.66;-1.63;0.00;-0.05;0.01;0;0;1;1;
102;-48;-0.73;-9.66;-1.59;0.00;-0.05;0.01;0;0;1;1;
102;-51;-0.80;-9.68;-1.52;0.00;-0.05;0.01;0;0;1;1;
102;-54;-0.87;-9.67;-1.48;0.00;-0.05;0.01;0;0;1;1;
102;-57;-0.93;-9.66;-1.42;0.01;-0.05;0.01;0;0;1;1;
102;-60;-0.99;-9.67;-1.36;0.00;-0.05;0.01;0;0;1;1;
102;-63;-1.04;-9.67;-1.30;0.00;-0.05;0.01;0;0;1;1;
102;-66;-1.10;-9.68;-1.24;0.00;-0.05;0.01;0;0;1;1;
102;-69;-1.14;-9.69;-1.17;0.00;-0.14;0.00;0;0;1;1;
102;-72;-1.14;-9.71;-1.16;0.00;-0.08;0.01;0;0;1;1;
102;-75;-1.21;-9.71;-1.10;0.00;-0.12;0.00;0;0;1;1;
102;-78;-1.28;-9.71;-0.96;0.00;-0.05;0.01;0;0;1;1;
102;-81;-1.31;-9.71;-0.87;0.01;-0.05;0.01;0;0;1;1;
102;-84;-1.35;-9.72;-0.78;0.00;-0.05;0.01;0;0;1;1;
102;-87;-1.37;-9.74;-0.72;0.00;-0.05;0.01;0;0;1;1;
102;-90;-1.39;-9.74;-0.66;0.00;-0.05;0.01;0;0;1;1;
102;-93;-1.42;-9.75;-0.56;0.00;-0.05;0.01;0;0;1;1;
102;-96;-1.43;-9.75;-0.49;0.00;-0.05;0.01;0;0;1;1;
102;-99;-1.43;-9.76;-0.38;0.00;-0.05;0.01;0;0;1;1;
102;-102;-1.45;-9.77;-0.31;0.01;-0.05;0.01;0;0;1;1;
102;-105;-1.44;-9.78;-0.22;0.00;-0.05;0.01;0;0;1;1;
102;-108;-1.44;-9.79;-0.15;0.00;-0.05;0.01;0;0;1;1;
102;-111;-1.44;-9.79;-0.04;0.01;-0.05;0.01;0;0;1;1;
102;-114;-1.43;-9.82;0.04;0.01;-0.06;0.01;0;0;1;1;
102;-117;-1.41;-9.82;0.11;0.00;-0.05;0.01;0;0;1;1;
102;-120;-1.38;-9.82;0.20;0.00;-0.05;0.01;0;0;1;1;
105;-3;0.56;-9.50;-2.32;0.00;-0.05;0.01;0;0;1;1;
105;-6;0.45;-9.50;-2.34;0.00;-0.05;0.01;0;0;1;1;
105;-9;0.36;-9.49;-2.37;0.00;-0.05;0.01;0;0;1;1;
105;-12;0.25;-9.50;-2.36;0.00;-0.05;0.01;0;0;1;1;
105;-15;0.15;-9.50;-2.38;0.00;-0.05;0.01;0;0;1;1;
105;-18;0.02;-9.49;-2.38;0.00;-0.05;0.01;0;0;1;1;
105;-21;-0.09;-9.50;-2.35;0.00;-0.05;0.01;0;0;1;1;
105;-24;-0.19;-9.50;-2.35;0.00;-0.05;0.01;0;0;1;1;
105;-27;-0.30;-9.48;-2.33;0.00;-0.05;0.01;0;0;1;1;
105;-30;-0.40;-9.50;-2.29;0.00;-0.05;0.01;0;0;1;1;
105;-33;-0.51;-9.49;-2.28;0.00;-0.05;0.01;0;0;1;1;
105;-36;-0.62;-9.49;-2.24;0.00;-0.05;0.01;0;0;1;1;
105;-39;-0.71;-9.48;-2.18;0.00;-0.05;0.01;0;0;1;1;
105;-42;-0.81;-9.49;-2.15;0.00;-0.05;0.01;0;0;1;1;
105;-45;-0.91;-9.50;-2.07;0.00;-0.05;0.01;0;0;1;1;
105;-48;-1.00;-9.52;-2.01;0.00;-0.05;0.01;0;0;1;1;
105;-51;-1.10;-9.50;-1.95;0.00;-0.05;0.01;0;0;1;1;
105;-54;-1.17;-9.52;-1.91;0.00;-0.05;0.01;0;0;1;1;
105;-57;-1.24;-9.50;-1.85;0.00;-0.30;-0.01;0;0;1;1;
105;-60;
105;-63;-1.44;-9.55;-1.66;0.00;-0.05;0.01;0;0;1;1;
105;-66;-1.50;-9.56;-1.56;0.00;-0.05;0.01;0;0;1;1;
105;-69;-1.55;-9.55;-1.49;0.00;-0.05;0.01;0;0;1;1;
105;-72;-1.63;-9.57;-1.41;0.00;-0.05;0.01;0;0;1;1;
105;-75;-1.69;-9.58;-1.29;0.00;-0.05;0.01;0;0;1;1;
105;-78;-1.75;-9.58;-1.19;0.00;-0.05;0.01;0;0;1;1;
105;-81;-1.79;-9.59;-1.09;0.00;-0.06;0.01;0;0;1;1;
105;-84;-1.83;-9.60;-0.98;0.00;-0.05;0.01;0;0;1;1;
105;-87;-1.88;-9.61;-0.90;0.00;-0.05;0.01;0;0;1;1;
105;-90;-1.89;-9.62;-0.79;0.00;-0.05;0.01;0;0;1;1;
105;-93;-1.92;-9.63;-0.65;0.00;-0.05;0.01;0;0;1;1;
105;-96;-1.95;-9.65;-0.55;0.01;-0.05;0.01;0;0;1;1;
105;-99;-1.97;-9.66;-0.43;0.00;-0.05;0.01;0;0;1;1;
105;-102;-1.97;-9.67;-0.32;0.00;-0.05;0.01;0;0;1;1;
105;-105;-1.97;-9.68;-0.20;0.00;-0.06;0.01;0;0;1;1;
105;-108;-1.97;-9.68;-0.10;0.00;-0.05;0.01;0;0;1;1;
105;-111;-1.97;-9.70;0.01;0.00;-0.05;0.01;0;0;1;1;
105;-114;-1.94;-9.70;0.11;0.01;-0.06;0.01;0;0;1;1;
105;-117;-1.93;-9.71;0.24;0.00;-0.05;0.01;0;0;1;1;
105;-120;-1.89;-9.75;0.33;0.00;-0.06;0.01;0;0;1;1;
108;-3;0.68;-9.31;-2.84;0.00;-0.05;0.01;0;0;1;1;
108;-6;0.55;-9.32;-2.85;0.00;-0.05;0.01;0;0;1;1;
108;-9;0.43;-9.31;-2.88;0.00;-0.05;0.01;0;0;1;1;
108;-12;0.29;-9.29;-2.89;0.00;-0.05;0.01;0;0;1;1;
108;-15;0.15;-9.30;-2.88;0.01;-0.05;0.01;0;0;1;1;
108;-18;0.00;-9.31;-2.89;0.00;-0.05;0.01;0;0;1;1;
108;-21;-0.13;-9.32;-2.88;0.00;-0.05;0.01;0;0;1;1;
108;-24;-0.25;-9.31;-2.84;0.00;-0.06;0.01;0;0;1;1;
108;-27;-0.39;-9.31;-2.84;0.00;-0.05;0.01;0;0;1;1;
108;-30;-0.54;-9.31;-2.80;0.00;-0.05;0.01;0;0;1;1;
108;-33;-0.65;-9.31;-2.77;0.00;-0.05;0.01;0;0;1;1;
108;-36;-0.78;-9.30;-2.71;0.00;-0.05;0.01;0;0;1;1;
108;-39;-0.91;-9.31;-2.66;0.00;-0.05;0.01;0;0;1;1;
108;-42;-1.03;-9.33;-2.58;0.00;-0.05;0.01;0;0;1;1;
108;-45;-1.17;-9.32;-2.54;0.00;-0.05;0.01;0;0;1;1;
108;-48;-1.28;-9.33;-2.45;0.00;-0.05;0.01;0;0;1;1;
108;-51;-1.38;-9.34;-2.38;0.00;-0.05;0.01;0;0;1;1;
108;-54;-1.51;-9.35;-2.29;0.00;-0.05;0.01;0;0;1;1;
108;-57;-1.56;-9.33;-2.19;0.00;-0.29;-0.02;0;0;1;1;
108;-60;-1.61;-9.35;-2.20;0.00;-0.05;0.01;0;0;1;1;
108;-63;-1.81;-9.37;-2.01;0.00;-0.05;0.01;0;0;1;1;
108;-66;-1.90;-9.38;-1.90;0.00;-0.05;0.01;0;0;1;1;
108;-69;-1.98;-9.39;-1.78;0.00;-0.05;0.01;0;0;1;1;
108;-72;-2.07;-9.40;-1.68;0.00;-0.05;0.01;0;0;1;1;
108;-75;-2.14;-9.42;-1.57;0.01;-0.05;0.01;0;0;1;1;
108;-78;-2.20;-9.43;-1.43;0.00;-0.05;0.01;0;0;1;1;
108;-81;-2.25;-9.44;-1.31;0.00;-0.06;0.01;0;0;1;1;
108;-84;-2.31;-9.45;-1.17;0.00;-0.05;0.01;0;0;1;1;
108;-87;-2.34;-9.47;-1.02;0.00;-0.05;0.01;0;0;1;1;
108;-90;-2.39;-9.49;-0.89;0.00;-0.05;0.01;0;0;1;1;
108;-93;-2.43;-9.49;-0.76;0.00;-0.05;0.01;0;0;1;1;
108;-96;-2.46;-9.49;-0.62;0.00;-0.05;0.01;0;0;1;1;
108;-99;-2.48;-9.52;-0.47;0.00;-0.06;0.01;0;0;1;1;
108;-102;-2.49;-9.54;-0.34;0.00;-0.06;0.01;0;0;1;1;
108;-105;-2.48;-9.55;-0.20;0.00;-0.05;0.01;0;0;1;1;
108;-108;-2.48;-9.55;-0.07;0.00;-0.06;0.01;0;0;1;1;
108;-111;-2.49;-9.58;0.05;0.00;-0.05;0.01;0;0;1;1;
108;-114;-2.46;-9.59;0.22;0.00;-0.06;0.01;0;0;1;1;
108;-117;-2.43;-9.60;0.35;0.00;-0.05;0.01;0;0;1;1;
108;-120;-2.40;-9.61;0.49;0.00;-0.05;0.01;0;0;1;1;
111;-3;0.77;-9.13;-3.31;0.00;-0.05;0.01;0;0;1;1;
111;-6;0.65;-9.11;-3.34;0.00;-0.05;0.01;0;0;1;1;
111;-9;0.48;-9.11;-3.37;0.00;-0.05;0.01;0;0;1;1;
111;-12;0.33;-9.10;-3.38;0.00;-0.05;0.01;0;0;1;1;
111;-15;0.16;-9.11;-3.38;0.00;-0.05;0.01;0;0;1;1;
111;-18;0.00;-9.11;-3.37;0.00;-0.05;0.01;0;0;1;1;
111;-21;-0.16;-9.10;-3.37;0.00;-0.05;0.01;0;0;1;1;
111;-24;-0.31;-9.10;-3.33;0.00;-0.05;0.01;0;0;1;1;
111;-27;-0.48;-9.11;-3.30;0.00;-0.05;0.01;0;0;1;1;
111;-30;-0.64;-9.11;-3.27;0.00;-0.05;0.01;0;0;1;1;
111;-33;-0.80;-9.11;-3.25;0.00;-0.05;0.01;0;0;1;1;
111;-36;-0.96;-9.11;-3.18;0.00;-0.05;0.01;0;0;1;1;
111;-39;-1.10;-9.12;-3.10;0.00;-0.05;0.01;0;0;1;1;
111;-42;-1.25;-9.12;-3.03;0.00;-0.05;0.01;0;0;1;1;
111;-45;-1.40;-9.12;-2.97;0.00;-0.05;0.01;0;0;1;1;
111;-48;-1.53;-9.13;-2.87;0.00;-0.05;0.01;0;0;1;1;
111;-51;-1.67;-9.15;-2.77;0.00;-0.05;0.01;0;0;1;1;
111;-54;-1.81;-9.16;-2.68;0.01;-0.06;0.01;0;0;1;1;
111;-57;-1.93;-9.15;-2.57;0.00;-0.05;0.01;0;0;1;1;
111;-60;-2.06;-9.17;-2.45;0.01;-0.05;0.01;0;0;1;1;
111;-63;-2.17;-9.19;-2.34;0.00;-0.06;0.01;0;0;1;1;
111;-66;-2.27;-9.20;-2.21;0.00;-0.05;0.01;0;0;1;1;
111;-69;-2.38;-9.20;-2.08;0.00;-0.06;0.01;0;0;1;1;
111;-72;-2.47;-9.22;-1.95;0.00;-0.06;0.01;0;0;1;1;
111;-75;-2.57;-9.24;-1.81;0.00;-0.05;0.01;0;0;1;1;
111;-78;-2.65;-9.24;-1.64;0.00;-0.05;0.01;0;0;1;1;
111;-81;-2.73;-9.26;-1.49;0.00;-0.06;0.01;0;0;1;1;
111;-84;-2.78;-9.27;-1.35;0.00;-0.05;0.01;0;0;1;1;
111;-87;-2.83;-9.27;-1.19;0.00;-0.05;0.01;0;0;1;1;
111;-90;-2.87;-9.30;-1.03;0.00;-0.05;0.01;0;0;1;1;
111;-93;-2.91;-9.32;-0.86;0.00;-0.05;0.01;0;0;1;1;
111;-96;-2.94;-9.33;-0.69;0.00;-0.05;0.01;0;0;1;1;
111;-99;-2.97;-9.34;-0.53;0.00;-0.06;0.01;0;0;1;1;
111;-102;-2.99;-9.36;-0.35;0.00;-0.05;0.01;0;0;1;1;
111;-105;-2.99;-9.38;-0.18;0.00;-0.05;0.01;0;0;1;1;
111;-108;-2.98;-9.41;-0.01;0.00;-0.06;0.01;0;0;1;1;
111;-111;-2.98;-9.42;0.14;0.00;-0.05;0.01;0;0;1;1;
111;-114;-2.95;-9.42;0.30;0.01;-0.06;0.01;0;0;1;1;
111;-117;-2.92;-9.45;0.46;0.01;-0.05;0.01;0;0;1;1;
111;-120;-2.90;-9.45;0.64;0.00;-0.06;0.01;0;0;1;1;
114;-3;0.89;-8.88;-3.81;0.00;-0.05;0.01;0;0;1;1;
114;-6;0.74;-8.87;-3.82;0.00;-0.05;0.01;0;0;1;1;
114;-9;0.55;-8.88;-3.87;0.00;-0.05;0.01;0;0;1;1;
114;-12;0.38;-8.88;-3.88;0.00;-0.05;0.01;0;0;1;1;
114;-15;0.18;-8.86;-3.88;0.00;-0.05;0.01;0;0;1;1;
114;-18;-0.01;-8.87;-3.88;0.00;-0.05;0.01;0;0;1;1;
114;-21;-0.19;-8.86;-3.87;0.00;-0.05;0.01;0;0;1;1;
114;-24;-0.39;-8.86;-3.85;0.00;-0.05;0.01;0;0;1;1;
114;-27;-0.58;-8.86;-3.81;0.00;-0.05;0.01;0;0;1;1;
114;-30;-0.76;-8.86;-3.77;0.00;-0.05;0.01;0;0;1;1;
114;-33;-0.94;-8.87;-3.72;0.00;-0.05;0.01;0;0;1;1;
114;-36;-1.12;-8.85;-3.66;0.00;-0.05;0.01;0;0;1;1;
114;-39;-1.31;-8.88;-3.56;0.00;-0.05;0.01;0;0;1;1;
114;-42;-1.47;-8.88;-3.48;0.01;-0.05;0.01;0;0;1;1;
114;-45;-1.63;-8.88;-3.42;0.00;-0.05;0.01;0;0;1;1;
114;-48;-1.80;-8.89;-3.29;0.00;-0.05;0.01;0;0;1;1;
114;-51;-1.96;-8.92;-3.19;0.00;-0.05;0.01;0;0;1;1;
114;-54;-2.12;-8.93;-3.08;0.00;-0.05;0.01;0;0;1;1;
114;-57;-2.27;-8.94;-2.96;0.00;-0.05;0.01;0;0;1;1;
114;-60;-2.38;-8.96;-2.83;0.00;-0.11;0.00;0;0;1;1;
114;-63;-2.53;-8.95;-2.68;0.00;-0.06;0.01;0;0;1;1;
114;-66;-2.67;-8.97;-2.52;0.00;-0.06;0.01;0;0;1;1;
114;-69;-2.79;-9.00;-2.36;0.00;-0.05;0.01;0;0;1;1;
114;-72;-2.89;-8.98;-2.22;0.00;-0.05;0.01;0;0;1;1;
114;-75;-3.00;-9.01;-2.05;0.00;-0.05;0.01;0;0;1;1;
114;-78;-3.10;-9.02;-1.88;0.00;-0.05;0.01;0;0;1;1;
114;-81;-3.18;-9.04;-1.70;0.00;-0.05;0.01;0;0;1;1;
114;-84;-3.26;-9.05;-1.52;0.00;-0.05;0.01;0;0;1;1;
114;-87;-3.33;-9.08;-1.34;0.00;-0.05;0.01;0;0;1;1;
114;-90;-3.37;-9.09;-1.14;0.00;-0.05;0.01;0;0;1;1;
114;-93;-3.43;-9.10;-0.94;0.00;-0.05;0.01;0;0;1;1;
114;-96;-3.46;-9.12;-0.76;0.00;-0.05;0.01;0;0;1;1;
114;-99;-3.49;-9.15;-0.56;0.00;-0.05;0.01;0;0;1;1;
114;-102;-3.51;-9.17;-0.36;0.00;-0.06;0.01;0;0;1;1;
114;-105;-3.51;-9.18;-0.17;0.00;-0.05;0.01;0;0;1;1;
114;-108;-3.51;-9.21;0.02;0.00;-0.06;0.01;0;0;1;1;
114;-111;-3.48;-9.22;0.21;0.00;-0.05;0.01;0;0;1;1;
114;-114;-3.47;-9.24;0.39;0.00;-0.06;0.01;0;0;1;1;
114;-117;-3.43;-9.27;0.60;0.00;-0.05;0.01;0;0;1;1;
114;-120;-3.39;-9.28;0.78;0.00;-0.06;0.01;0;0;1;1;
117;-3;1.04;-8.63;-4.25;0.00;-0.05;0.01;0;0;1;1;
117;-6;0.83;-8.62;-4.29;0.00;-0.05;0.01;0;0;1;1;
117;-9;0.61;-8.62;-4.33;0.00;-0.05;0.01;0;0;1;1;
117;-12;0.42;-8.61;-4.34;0.00;-0.05;0.01;0;0;1;1;
117;-15;0.19;-8.61;-4.34;0.00;-0.05;0.01;0;0;1;1;
117;-18;-0.02;-8.61;-4.34;0.00;-0.05;0.01;0;0;1;1;
117;-21;-0.23;-8.60;-4.32;0.00;-0.05;0.01;0;0;1;1;
117;-24;-0.44;-8.60;-4.30;0.00;-0.05;0.01;0;0;1;1;
117;-27;-0.66;-8.62;-4.27;0.00;-0.05;0.01;0;0;1;1;
117;-30;-0.86;-8.62;-4.22;0.00;-0.05;0.01;0;0;1;1;
117;-33;-1.08;-8.62;-4.17;0.00;-0.05;0.01;0;0;1;1;
117;-36;-1.28;-8.63;-4.08;0.00;-0.05;0.01;0;0;1;1;
117;-39;-1.48;-8.62;-4.00;0.00;-0.05;0.01;0;0;1;1;
117;-42;-1.68;-8.64;-3.92;0.00;-0.05;0.01;0;0;1;1;
117;-45;-1.87;-8.64;-3.81;0.00;-0.05;0.01;0;0;1;1;
117;-48;-2.05;-8.64;-3.69;0.00;-0.05;0.01;0;0;1;1;
117;-51;-2.24;-8.66;-3.56;0.00;-0.05;0.01;0;0;1;1;
117;-54;-2.41;-8.67;-3.46;0.00;-0.05;0.01;0;0;1;1;
117;-57;-2.58;-8.68;-3.28;0.00;-0.05;0.01;0;0;1;1;
117;-60;-2.73;-8.70;-3.16;0.00;-0.07;0.01;0;0;1;1;
117;-63;-2.73;-8.69;-3.14;0.00;-0.06;0.01;0;0;1;1;
117;-66;-3.03;-8.72;-2.79;0.00;-0.05;0.01;0;0;1;1;
117;-69;-3.18;-8.74;-2.65;0.00;-0.05;0.01;0;0;1;1;
117;-72;-3.29;-8.75;-2.47;0.00;-0.05;0.01;0;0;1;1;
117;-75;-3.41;-8.77;-2.26;0.00;-0.06;0.01;0;0;1;1;
117;-78;-3.51;-8.81;-2.06;0.00;-0.05;0.01;0;0;1;1;
117;-81;-3.61;-8.82;-1.87;0.00;-0.05;0.01;0;0;1;1;
117;-84;-3.69;-8.84;-1.67;0.00;-0.05;0.01;0;0;1;1;
117;-87;-3.76;-8.86;-1.46;0.00;-0.06;0.01;0;0;1;1;
117;-90;-3.83;-8.88;-1.24;0.00;-0.05;0.01;0;0;1;1;
117;-93;-3.88;-8.89;-1.02;0.00;-0.05;0.01;0;0;1;1;
117;-96;-3.93;-8.91;-0.83;0.00;-0.05;0.01;0;0;1;1;
117;-99;-3.95;-8.92;-0.59;0.00;-0.05;0.01;0;0;1;1;
117;-102;-3.98;-8.94;-0.38;0.00;-0.06;0.01;0;0;1;1;
117;-105;-3.99;-8.96;-0.15;0.00;-0.05;0.01;0;0;1;1;
117;-108;-3.97;-8.99;0.07;0.00;-0.06;0.01;0;0;1;1;
117;-111;-3.96;-9.02;0.28;0.00;-0.05;0.01;0;0;1;1;
117;-114;-3.93;-9.05;0.50;0.00;-0.06;0.01;0;0;1;1;
117;-117;-3.90;-9.07;0.71;0.00;-0.05;0.01;0;0;1;1;
117;-120;-3.85;-9.08;0.94;0.00;-0.06;0.01;0;0;1;1;
